id,city,avg_cost,population,other
1,Houxiang,55.1215175,609458,-15.66171
2,Leribe,95.782967,601963,-23.79499
3,Hengshan,57.8678267,589509,1.31471
4,Sogcho,59.220634,948491,-11.3828
5,Kohlu,23.092232,92206,7.66861
6,Jinsha,86.1738239,799873,23.09147
7,Carvalhinho,99.9335629,596174,-12.48951
8,Miragaia,34.1809779,974753,-5.99009
9,Ozorków,32.8846557,239314,15.6815
10,Šmarje pri Jelšah,54.1635039,307644,-12.3496
11,Parravak’ar,32.4806191,624876,-5.51248
12,Basel,73.7367682,100134,-13.38586
13,Tombu,67.7085179,611917,11.18574
14,Riangwale,34.7583218,250553,-11.55808
15,Bystřice nad Pernštejnem,65.0741438,933808,-5.42868
16,Konsoy,26.2755086,846674,-19.09224
17,Lapinjärvi,13.2884316,271935,20.96859
18,Yaojiagou,83.1937853,115525,21.39289
19,Moyynkum,56.0500599,958962,-3.14475
20,Bandhagen,61.3228061,900392,-24.02579
21,Wenquan,7.9670557,86778,-1.53657
22,Bangker,75.9458474,176705,7.66444
23,San Basilio,14.8149052,590183,15.07231
24,Bojong,59.3157556,392921,-9.96122
25,Kushiro,55.2722404,905195,-7.69169
26,Tignoan,43.5556853,942725,2.55956
27,Turan,60.3422383,991346,0.08723
28,Tála,53.7494336,351949,-22.72176
29,Alto de la Estancia,36.0579938,962163,-10.27159
30,Song,90.9482893,727778,11.16422
31,Hucheng,16.1916805,992056,-7.6696
32,Kebonagung,62.3795705,936440,13.30294
33,Kälviä,6.7965512,806349,2.56748
34,Mananum,23.8684724,277299,-3.34856
35,Sanhe,29.8502419,817597,-18.11376
36,Blora,95.1538345,498583,-17.32339
37,Santiago,47.6219608,114902,-16.33554
38,Yuefeng,18.4786907,633516,-14.60837
39,Habana del Este,8.9331017,887445,17.19308
40,Ad Dann,85.3883341,452369,-19.74696
41,Zhoukou,22.6028202,809361,-2.52668
42,Nestório,52.3567806,510217,8.54611
43,Lianran,37.8022602,390985,-2.11902
44,Wuluquele,75.0093479,567307,15.73229
45,Maksatikha,64.3603779,538277,-1.94082
46,Sośnicowice,75.7335278,220403,-20.39021
47,Dmitriyevskoye,33.0297134,153281,-15.69915
48,Sathing Phra,69.6037518,563524,4.23425
49,Brooklyn,59.7346867,258033,4.15116
50,Wenfang,62.0197315,971817,24.67405
51,Sake,26.496161,107413,16.14223
52,Caidian,28.235949,589575,-15.7197
53,Gunjur Kuta,72.3761803,40411,-17.65324
54,Ulcinj,18.6207662,862121,1.79606
55,Seattle,2.2113892,840762,-17.35593
56,Stalbe,40.8657908,925160,7.29231
57,Kebonsari Kidul,97.8411126,319103,-15.3134
58,Bājitpur,86.2206439,576209,11.65599
59,Waterloo,76.0984091,689167,22.68882
60,Odivelas,57.9501844,593372,3.16063
61,Banjarejo,99.4877232,988046,-14.47783
62,Ekerö,18.927594,377311,20.36846
63,Tekeli,43.4783827,941098,-10.40617
64,Siedleczka,61.1017974,754253,11.35814
65,Rislane,6.7516462,536557,-19.93868
66,Burgas,47.0744343,420571,19.13594
67,Stąporków,82.6731901,640353,-9.15101
68,Wenping,74.1517835,910126,24.59682
69,Dukuhsawah,36.3002768,749355,-0.6677
70,Paris 13,45.590167,954250,-24.96109
71,Karangbenda,82.92469,989043,14.37563
72,Zolochiv,39.6071137,598289,-20.27806
73,Ganjiang,52.910999,596051,-9.86055
74,Rinbung,10.5623756,236081,-13.11618
75,Kozlovice,88.4270004,772287,0.99054
76,Bayan Hure,34.0745561,67344,-12.23212
77,El Gouna,42.6466233,208983,-8.85699
78,Asarum,99.331721,546490,-14.33733
79,Inya,8.3652357,566221,18.67832
80,Jubung,38.1518738,222321,-16.18331
81,Xiabaishi,75.061965,656523,16.09896
82,Błaszki,67.2656666,393776,-17.24931
83,Fougamou,12.3843636,500873,-1.17578
84,Usatove,48.8005866,145395,0.14343
85,Haugesund,50.7423871,633872,9.64512
86,Fangxiang,30.859458,457737,-2.27898
87,Pereira,95.4916077,277061,-9.57314
88,Miaoxi,76.5785455,211485,18.79227
89,Rafaḩ,38.3688685,819898,17.60648
90,Nanping,65.7344289,200630,17.46956
91,Langue,39.2239069,33544,1.83139
92,Solna,75.4389174,853080,19.23175
93,Xufu,74.7790964,769049,22.47926
94,Raszowa,71.7475341,458095,-13.39336
95,Río Ceballos,61.2667813,206762,24.74405
96,Gongming,36.6451666,384807,-3.13012
97,Lokuuy,82.2674821,584340,-3.29339
98,Joutsa,88.5986885,561676,-6.99245
99,Ágios Stéfanos,98.0197385,903489,8.65735
100,Bojong,46.0218938,970089,-19.8271
101,Krechevitsy,66.240825,496858,8.04109
102,San Francisco,69.1380693,245795,2.94466
103,Bebae,54.3485659,367788,-4.12123
104,Waishan,33.955789,915705,-20.52341
105,Bisée,23.0082837,225211,-1.05764
106,Makurdi,63.1049174,130393,15.61583
107,Nol,14.9697398,797585,15.2394
108,Lingxi,47.1266263,946103,-20.73096
109,Kavarna,69.2932556,716574,-21.31558
110,Täby,46.0172521,324406,-13.78016
111,Pereiro,56.8066818,284453,-12.15675
112,Neftobod,63.4780586,654784,-18.62377
113,Kuala Terengganu,21.3220483,170566,0.2454
114,Palaiomonástiron,86.7781139,419057,-10.61921
115,Concepcion,55.1451591,703837,3.27708
116,Il’ya,52.1643028,553017,2.30296
117,Strängnäs,61.9383705,193970,11.21859
118,Bulgan,41.595068,786084,-12.35284
119,Viesīte,80.8178723,155768,18.25977
120,Pedreira,73.5711205,920355,-11.3019
121,Kondrovo,74.2140418,204426,9.22534
122,Ndago,78.6616283,358749,6.49442
123,Isla Pucú,56.9269277,938527,6.46302
124,Ibirité,81.2719839,431415,14.48404
125,Saño,38.5558464,292742,7.54007
126,Kaiyuan,45.5849999,768330,-6.52124
127,Shixian,13.9313077,815878,-20.94338
128,Pengxing,2.2916828,740998,19.807
129,Yono,8.2616024,615268,15.08523
130,Garbolovo,25.8698826,692661,-8.11244
131,Calango,16.0325221,42712,19.59365
132,Gondifelos,58.597887,170955,7.67143
133,Choushui,80.7823187,737856,0.91077
134,Bajia,70.3075908,587612,-1.91328
135,Mó,23.0512882,161977,-15.90716
136,Reims,18.1350371,889596,-18.06048
137,Taihe,48.049872,706376,-5.88312
138,Cova da Iria,67.3348001,449325,-5.69939
139,Rudnichnyy,8.2026334,443644,-8.39834
140,Monteros,71.1578872,88844,0.28199
141,Kabulusan,58.770707,87570,0.21514
142,Linchen,6.7432322,72632,-11.45776
143,Viljoenskroon,5.4822624,530941,6.56972
144,Aanislag,30.7010314,367745,21.32092
145,Tochigi,7.3826213,357510,-19.80952
146,Ivatsevichy,44.2420822,719650,20.54609
147,Boucinhas,52.5695263,167035,13.04584
148,Caen,50.0681869,475200,3.09582
149,Huayang,83.8231806,341745,-15.20275
150,Lwengo,98.858504,708140,-1.50958
151,Dzwola,98.3247813,196650,13.87483
152,Kuala Terengganu,61.7476434,203172,-23.47706
153,Kariaí,23.3480197,722235,-2.40453
154,Orikhiv,88.8265689,995315,-24.33713
155,Joutsa,30.490562,172164,-18.50276
156,Nanyang,30.5495339,978522,9.715
157,Kepahiang,37.0606546,232548,9.57276
158,Kozje,38.1184247,784868,11.6353
159,Gorno Orizari,32.8824364,620703,-18.89753
160,Artsvaberd,49.6196758,795599,22.45946
161,Shuangyuan,56.4593995,161552,-24.23705
162,Ezhou,12.8493956,449918,-5.21183
163,Ust’-Isha,25.8060279,617084,-14.80231
164,Mahdia,50.7584275,367146,-2.31826
165,Georgiyevsk,18.9330691,885401,-0.63599
166,Ķegums,90.5616574,913275,-6.88274
167,Kubang,2.1064361,752127,-13.31411
168,Perm,51.0944442,595930,-17.13725
169,Naze,1.9521798,154670,-9.50414
170,Ponong,50.8405319,141379,-7.18069
171,Corbeil-Essonnes,94.3707884,803261,3.96153
172,Dasheng,68.9511017,844323,-4.06277
173,Liupai,9.3567638,481333,-24.07956
174,Aachen,74.2145544,403672,-5.58642
175,Minamata,38.068239,72423,-1.10254
176,Vichuga,78.2876213,338109,11.33038
177,Babantar,64.0180985,262332,-11.66052
178,Polje,22.5468303,198188,14.52518
179,Caluya,8.252756,897468,-13.05304
180,Quintão,21.3428528,648572,15.33419
181,Altavista,32.7100143,727519,3.08245
182,Changchi,73.6118382,960320,4.27322
183,Bealanana,84.6340814,213943,24.77736
184,Jurangjero,42.7187477,147511,-12.16721
185,La Gi,26.3385114,90615,-12.11109
186,Severomorsk,24.7626121,551988,-10.91907
187,Iogach,95.4100926,991723,22.14111
188,Campechuela,94.4951515,35659,8.59525
189,Tonggu,84.5077196,265377,-20.85634
190,Pujijie,81.15986,318159,-19.60118
191,Kovernino,74.2912888,447386,-17.2862
192,Tangzha,63.6307246,587297,10.4633
193,Novoukrayinka,39.4051031,231882,-17.67357
194,Concordia,84.1577934,458110,19.8536
195,Naili,34.1923432,901083,8.72305
196,Cagwait,82.800769,904746,-5.50908
197,Qingshandi,99.7480647,403116,-1.49314
198,Cornillon,64.3279701,142062,-24.94752
199,Uyen Hung,79.7268841,191929,-7.57587
200,Rudnyy,28.4202413,70756,-24.54292
201,Balatero,83.304383,684389,14.12066
202,Santa Cruz das Palmeiras,92.3640777,393477,14.31316
203,Canchayllo,64.8536174,566648,-9.39117
204,Nezhinka,77.0553048,822579,12.77521
205,Łękawica,76.5305628,684716,20.83774
206,Dmytrivka,33.2284432,999093,-1.08957
207,Buarcos,88.5834361,774767,22.58097
208,Ouanaminthe,44.5108983,839464,-22.24435
209,Cuauhtemoc,80.8348315,244648,-12.03168
210,Paipu,14.7510526,301453,13.24481
211,Kirkland Lake,12.9062359,635436,-4.0008
212,Santa Rosa del Sara,38.8354069,243457,-20.12577
213,Nagaoka,80.3902326,964065,10.11051
214,Luzon,52.3787794,181105,-5.40664
215,Blahodatne,57.1169843,771343,-18.28793
216,Yuza,30.7466257,621113,0.46109
217,Roshnik,46.8931126,274011,-2.76576
218,Donglai,35.4754164,203823,12.51013
219,Nagaracinta,52.1059092,443227,-24.87558
220,Patimuan,78.8757995,404842,2.94135
221,Datong,49.2079876,314020,4.29522
222,Sembungan Kidul,32.9500169,537281,-23.40634
223,Del Rosario,9.778464,173046,-1.10143
224,Itabaiana,30.8781522,983225,-1.08793
225,Hongjiang,55.1225318,790411,-8.31562
226,Kosti,11.6411731,67154,7.58228
227,Yuxi,78.2088585,555308,-19.0051
228,San Fernando,75.3621701,531343,18.3873
229,Xiyang,88.4072874,850662,20.43206
230,Sanying,21.9508843,807832,0.42591
231,Cruzeiro,15.126938,97117,-12.41903
232,Abuochiche,47.0729947,987367,11.27179
233,Gadzhiyevo,27.8212456,72042,0.07395
234,Mmathubudukwane,83.0165968,149775,15.43233
235,Ōkuchi,90.5440623,199334,-10.94364
236,Khŭjand,12.1716462,667643,8.24979
237,Singida,47.104418,716799,-1.49788
238,Chatian,33.9468929,707159,-22.07442
239,Guay,40.9754702,986146,14.57035
240,Bayt Līd,28.2089978,188244,-7.73562
241,Manggissari,93.4774852,816856,11.43434
242,Baiyin,87.1976393,179409,-19.8051
243,Nanzhihui,42.6121495,379290,19.92216
244,Falun,49.4314619,657659,2.99648
245,Olovyannaya,88.3242013,166747,-1.56154
246,Podbuzh,11.1385289,527493,-18.53533
247,Shawnee Mission,62.2605538,59895,17.4886
248,Zhangdiyingzi,46.2335651,339659,10.43015
249,Dashiren,67.9891903,641161,2.92915
250,Fantan,72.3931779,804569,-18.04449
251,Tekes,53.4231282,412222,-16.73537
252,Hengshan,84.664435,937891,-9.87041
253,Pakkat,81.7399013,403423,23.57042
254,København,63.920192,256933,10.12816
255,Loutrós,16.2796235,31649,-15.53671
256,Murcia,21.0907477,311372,20.78037
257,Wanying,37.7236939,608943,-6.61475
258,Lebedyn,57.7440432,362174,23.91702
259,Vũ Thư,18.2054534,458441,10.88004
260,Nkurenkuru,52.7856917,628079,18.10567
261,Aldeia do Bispo,40.9455042,991103,-22.95747
262,Chacapalpa,53.8539575,567194,3.03573
263,Águas de Lindóia,16.230945,404961,-15.42106
264,Boquira,81.8959952,764267,-1.02097
265,Laleng,22.2100196,278035,9.8493
266,La Plaine-Saint-Denis,5.9761778,900025,5.7434
267,Pai do Vento,5.9132203,466959,-13.2348
268,Tunzhai,69.5719817,261805,4.82124
269,Kungur,89.9861343,172512,2.61702
270,Duru,9.0909291,701507,12.47574
271,Xinpo,5.2753881,808235,9.72496
272,Sorang,84.2739475,603137,-23.99165
273,Kute,86.5040524,78433,-22.93683
274,Uruzgān,58.6200711,710235,17.05413
275,Forquilhinha,50.75665,528177,5.1943
276,Plužine,22.4444544,797941,2.8669
277,Forquilhinha,65.2481075,479790,-8.1686
278,San Marcos,69.7863917,399777,3.11036
279,Kameoka,68.3025853,122174,-5.08052
280,Bella Unión,65.4208159,603671,3.16124
281,Loanda,1.5823395,638202,13.50588
282,Soanierana Ivongo,19.261578,294617,15.43578
283,Cabanaconde,95.1691387,282985,21.37466
284,Qingzhou,18.7763981,933715,12.86099
285,Kembangan,12.7571418,804761,11.83848
286,Xicheng,32.0299154,130473,10.62105
287,Jinniu,20.9314608,135075,-8.44012
288,Kurkino,55.7656198,616906,-20.92576
289,Congonhas,42.853464,942515,-8.87008
290,Huancapallac,96.1825544,98858,17.94986
291,Pancas,40.7663116,759256,11.00701
292,Al Buţayḩah,94.5452811,101447,23.02791
293,Mastung,11.3691199,331148,-15.07599
294,Laironja,10.0527843,333736,-15.53453
295,Aryiropoúlion,51.9649219,605105,-21.32352
296,Grabów nad Prosną,33.2434159,893389,5.96923
297,Lojejerkrajan,84.1802566,682870,13.9198
298,Nybro,54.9720524,585938,-6.5706
299,Västervik,84.2698541,215338,12.46535
300,Qarah Bāgh Bāzār,39.5323639,476730,15.79337
301,Steblevë,81.7507687,73980,-16.65675
302,Aparecida do Taboado,7.0985718,206159,22.354
303,Karangmulyo,27.2677318,577059,-22.19083
304,Qiting,47.6945249,777845,-22.1117
305,Wenfeng Zhen,40.097212,775265,-19.05194
306,Mporokoso,54.4458845,377924,-16.1756
307,Chirkey,59.8265076,336213,-21.04624
308,Marne-la-Vallée,78.2597353,928161,7.86948
309,Oula Xiuma,28.5237261,781579,-18.25249
310,Zelenodolsk,51.4070581,740623,-10.02143
311,Niuzhuang,82.8115353,442829,-16.29082
312,Fanyang,10.3658785,876210,-18.56412
313,Choibalsan,40.4599881,211985,20.36287
314,Zhongzi,75.5359854,755306,1.52655
315,Kekeri,14.8357946,804333,-6.68503
316,Xekar,63.0983035,653598,-20.79627
317,Krajan,16.0934807,866596,24.86099
318,Kanie,39.3900555,289358,-0.10366
319,Ravne na Koroškem,93.5308838,417503,-14.59122
320,Itabaiana,24.3667103,716929,-24.45509
321,Yuezhao,61.1400815,106098,3.89247
322,Famagusta,15.3111065,319120,-14.92875
323,Oleszyce,42.7354941,954890,9.97881
324,Lauro de Freitas,68.1093031,877943,11.55603
325,Sarnów,35.2893223,905749,-22.6267
326,Chợ Mới,15.5702256,573754,4.17916
327,Tipo-Tipo,59.3659236,894510,-17.69101
328,Färjestaden,60.67769,700917,20.76525
329,Wanglian,25.3933208,297222,9.06287
330,Yambrasbamba,64.3838859,160061,-17.05911
331,Liuji,44.6030214,469222,12.08932
332,Nagua,21.6487048,163018,12.32362
333,Rača,3.4683842,488028,0.24957
334,Nalsian Norte,97.7443412,284436,21.02357
335,Radès,76.6908004,960638,12.83867
336,Élancourt,76.674697,260518,-19.63132
337,Idfu,54.4673277,994589,-9.1518
338,Machachi,37.7484048,691714,19.08764
339,Raoyang,3.6786956,298998,-5.46556
340,Purwodadi,11.0521981,816917,8.75847
341,Sines,90.9918935,45774,-16.15719
342,Rio Novo do Sul,37.0344886,58951,16.92848
343,Xianshuigu,37.6402945,894524,9.05225
344,Yingchun,50.3156136,579858,14.94923
345,Jargalant,34.3104301,872373,23.31292
346,Pasirhuni,44.2936654,974642,1.43519
347,Milove,30.433991,498333,6.05262
348,Ghayl Bā Wazīr,99.9903325,506403,7.69041
349,Grekan,81.0603754,141277,-10.68864
350,Helong,32.7421638,305709,9.85397
351,Torrance,40.8376535,380587,-0.58863
352,Puolanka,55.6805937,626662,12.66273
353,Santa Cruz,63.7148925,924475,6.49774
354,Puhechang,21.4078517,282518,23.70312
355,Boca Raton,65.8796996,614221,22.86802
356,Colca,40.1968382,986974,-7.97164
357,Samut Prakan,47.2735963,700812,-17.1246
358,Huangbayi,68.7543578,883711,-7.12477
359,Jepuro,43.9526605,339944,15.5598
360,Saint-Maurice-l'Exil,56.035542,938254,13.49394
361,Verona,27.1365654,885676,23.42994
362,Citambal,31.3367969,477897,1.79222
363,Krasnofarfornyy,18.2910944,722405,-18.27914
364,Goroka,32.3092551,33006,10.73354
365,Quintas,78.2868013,384377,-4.19701
366,Tournon-sur-Rhône,80.9639277,263661,-12.33124
367,Ipiales,46.6355572,220251,3.15062
368,Sukaraharja,92.0869917,562673,7.32387
369,Andradas,72.1049513,113172,1.05283
370,Alabat,91.5882176,457298,21.0423
371,Cimahi,75.0426499,737082,-1.2642
372,Seredyna-Buda,35.0038747,314357,-15.30554
373,Onguday,5.2374674,424214,6.45104
374,Borehbangle,77.7876019,473451,-24.41401
375,Büzmeýin,81.5467671,458185,-16.65328
376,Valle de La Pascua,38.8229367,518223,10.44738
377,Norrköping,77.1003153,110786,6.34008
378,Socorro,6.9469943,98736,-16.40999
379,La Luz,2.1924504,447437,-4.9254
380,Desa Werasari,21.5840559,404237,-23.86906
381,Pinyug,51.6277285,547443,-5.58309
382,Fredericton,78.2118381,582783,15.18337
383,Aguas del Padre,22.0596421,826147,24.53577
384,Nyaunglebin,47.0679149,606426,-23.11634
385,Stěbořice,31.5096035,764272,-8.69166
386,Werinama,45.9858326,919976,6.86982
387,Krajan Alasdowo,16.3403878,170883,4.75897
388,Guanting,5.4097194,408039,13.65642
389,Hovtashen,56.8384596,722076,-0.62829
390,Lueng Putu,83.8387537,463187,-14.50125
391,Zelenogradsk,30.3587722,315521,-21.50265
392,Ulcinj,41.9700198,708819,-7.41039
393,Carvalhal,38.6427135,238058,10.49582
394,Banjar Kelodan,26.4808195,283072,-14.42482
395,La Rioja,27.4717515,876861,19.54517
396,Murmashi,18.0171206,196399,11.24527
397,Palmital,51.6465444,794751,-4.28766
398,Siquanpu,80.4277433,149451,-14.78704
399,Collingwood,98.7925714,261030,-12.30336
400,San Pedro,35.761236,873363,-8.13259
401,Jingdang,7.2299274,303717,-10.22382
402,Fenoarivo Be,22.6321965,565929,14.20979
403,Gulyantsi,2.2250667,242633,-6.42214
404,Maythalūn,34.1335926,93067,-5.05944
405,Amarete,37.2826159,550605,-13.04452
406,Bến Tre,55.4850625,864740,15.31557
407,Ayacucho,39.8296612,851174,13.50983
408,Izumi,4.7039649,28216,-7.09689
409,Nikísiani,8.1210166,539960,-0.32507
410,Troyes,31.4226949,710476,-17.76318
411,Si Satchanalai,44.5652369,661676,-15.3294
412,Dziewin,53.751053,393876,17.63018
413,Kubachi,1.4551808,172236,-1.24513
414,Heping,97.3151608,147337,-17.23057
415,Poddębice,94.9774843,681693,12.58166
416,Gaoyi,20.0738222,276328,-18.38064
417,Nacka,38.796317,379691,4.7803
418,Jiefangyan,80.2768576,50159,3.27357
419,Americana,68.6685006,560494,9.84044
420,Mangkon Daja,11.8981445,629511,2.93816
421,Novozavedennoye,31.5773442,179265,-5.28063
422,Lyon,35.5708199,397168,8.60009
423,Benjamin Constant,55.2883611,659337,-11.40604
424,Pingpo,76.0745178,722889,5.15103
425,Fradelos,48.9550518,252931,14.81235
426,Lorient,75.9128399,275830,-8.20535
427,Viengxay,41.5122973,641978,7.12983
428,Lakha Nëvre,84.6764263,500886,-20.32323
429,Kota Trieng,35.9316627,357540,-0.7393
430,Stryszów,79.1794862,131498,-7.33479
431,Mertert,31.4711963,940839,7.71427
432,Manggis,38.2881135,229995,-10.00635
433,Miyata,94.5497777,622214,6.32294
434,Eira da Pedra,10.4263026,107404,12.45302
435,Gouyan,9.5524401,267367,-10.32619
436,Pljevlja,86.0818863,153840,1.87223
437,Jincheng,22.7398732,612048,-10.11032
438,Lapa do Lobo,51.7725041,832484,-15.40421
439,Tangchijie,56.8992738,668930,-11.09233
440,Avignon,12.992465,816856,-20.25717
441,Kota Kinabalu,7.0444111,210688,14.55496
442,Rabah,54.3431668,790689,-14.09943
443,Santo Amaro,23.6259749,42420,-12.78428
444,Sumy,60.0376198,449306,19.26445
445,Blaye,38.9552424,982083,-11.54817
446,Laibin,81.0946301,482343,-4.04688
447,Yetang,58.3188223,288536,-16.71457
448,Baguinge,94.7251111,990216,20.63807
449,Fenglin,90.9891512,96379,1.60326
450,Nabire,81.296384,427250,14.7199
451,Teresópolis,23.8518287,177550,-22.85494
452,Xuedian,30.3818599,415688,-22.47508
453,Ploso Wetan,71.2060316,355646,6.16914
454,Monjarás,2.6073198,131529,-14.66757
455,Baimiao,72.0126068,888479,-19.53222
456,Sukaraharja,58.5416738,355905,-20.33269
457,Kołbaskowo,34.9425654,291256,-2.99516
458,Shishan,18.6186931,65839,-11.82732
459,Bāglung,90.0917809,629494,18.16819
460,Bern,96.1225915,555612,3.98907
461,Ambarakaraka,42.029971,868006,13.21005
462,Pemba,68.5078355,701926,13.03227
463,Qianzhou,93.270391,455486,15.71145
464,Pushkino,3.6794241,529092,-13.45807
465,Ginatilan,81.0171739,648076,24.70542
466,Sleman,83.9586229,566442,-19.22231
467,Huaikan,31.1918873,628600,22.88854
468,Tojeira,41.8381066,120500,-17.53697
469,Akora,73.0152751,62048,-5.22374
470,Bartsrashen,1.2051842,737659,5.21218
471,Zaytā,56.9498518,744052,-11.00732
472,San Jose,39.5637546,398132,13.14597
473,Danchang,39.211839,775659,-2.51739
474,Dubova (Driloni),60.7323696,149198,-14.57847
475,Ivoti,14.9872013,306595,5.62326
476,Vsetín,70.2440403,499859,-13.62213
477,Gharyan,82.0562807,520480,2.16505
478,Changning,58.4900808,447004,-12.46038
479,Okinawa,87.6630612,983841,-23.04593
480,Créteil,35.9878644,733149,-16.18555
481,Binjiang,6.6694571,510205,7.06716
482,Cibogo,28.7138481,284449,17.4046
483,Margen,88.9399449,501601,9.69443
484,Nahiyat Ghammas,47.6572617,657922,3.96355
485,Tunggar,5.0731615,453474,4.20326
486,Ganjiangtou,37.1445981,850935,7.93242
487,Lingyuan,8.3678361,269444,-15.38844
488,Xingang,53.0676202,435380,-15.4352
489,Guiping,14.988071,215259,-9.3741
490,Huichang,6.3701213,517647,-1.89922
491,Veselynove,88.6150905,182136,-1.32218
492,Bayramaly,75.6662128,942594,6.47177
493,Charlottenberg,59.4302444,277407,10.85449
494,Piątnica,46.2974729,400727,22.78487
495,Okocim,79.9550997,358236,5.90108
496,Huazhai,74.5529471,425668,15.18302
497,Disina,17.3572086,760665,20.97063
498,Zemlyansk,56.3260988,199849,24.55148
499,Batulayang,45.8832305,885796,-2.22965
500,Shuangshan,2.0375001,470995,1.99913
501,Palekastro,67.1410204,346121,9.56146
502,Brangsi,64.6500339,471826,-18.74362
503,Al Qurḩ,89.4799068,777722,-3.81611
504,Hinvi,64.5567122,129579,9.18697
505,La Concordia,79.097972,350338,-12.69063
506,Sosnovyy Bor,44.7701948,572536,14.52324
507,Strellc i Ulët,14.702106,612568,8.4525
508,Kotabaru,16.1270992,111189,13.70325
509,Jabonga,90.9994908,145726,2.23715
510,Ar Ruḩaybah,94.0882295,171559,-22.51811
511,Stockholm,2.0244496,422965,21.37834
512,Almargem do Bispo,2.7571761,417699,-0.616
513,Ekazhevo,83.1180763,454888,-4.5202
514,Lotoshino,6.0888665,213778,-8.81871
515,Niederwaldkirchen,37.5072435,316311,3.64413
516,Zalanga,47.1167595,333954,18.92638
517,Tajike’abati,64.605143,301503,-9.58093
518,Oslo,21.928728,97217,-17.05967
519,Lanat,84.4586844,746392,1.40275
520,Balas,45.4810232,956719,6.06206
521,Pointe-à-Pitre,69.5209571,578400,19.33869
522,Changzhou,59.6659118,352324,-13.35092
523,Cartagena,65.8212754,198397,-0.30553
524,Leye,37.187054,514029,-11.65325
525,He’an,70.5842957,565107,-6.99509
526,Mojoroto,25.9516368,825803,-0.18856
527,Puerto Parra,48.864142,998380,6.93958
528,Kotabesi,90.2436239,707743,-8.82125
529,Wangchang,48.7442038,709235,-19.96139
530,Yakymivka,59.2583699,838800,-19.66167
531,Tinta,21.012578,579476,-1.35855
532,Ciilat,24.8520122,681237,-22.61957
533,Sremčica,90.6889874,284815,-5.61981
534,Lousado,58.1472641,509541,9.66316
535,Lansing,57.7281668,827771,1.86501
536,Shuinanxu,4.7783264,536549,13.76946
537,Tukan,67.9318451,870041,-7.46248
538,Trieste,59.2641274,32595,15.48668
539,Rybnoye,91.8731823,178857,18.62682
540,Chayuan,13.0116081,355509,3.28738
541,Spitak,78.8974652,930899,-10.83364
542,Cikuning,43.7522381,731950,19.21935
543,Chisht-e Sharīf,42.3821258,494370,21.77956
544,Karanggeneng,9.3254937,299992,-5.31592
545,Krajan Tambakrejo,35.674264,324241,18.49181
546,Nambak Tengah,59.7572734,330752,20.22555
547,Embu,43.6486049,298036,13.33463
548,Capas,95.6258387,320122,13.76157
549,Tangguhang,80.7823073,504972,14.77841
550,Lambangan Kulon,49.4336921,402495,-24.42724
551,Guanshan,8.1277083,695260,9.20404
552,Lidong,78.5384429,402468,3.93325
553,Kembang,54.5915868,443539,22.73186
554,Pucallpa,45.3345186,939889,-9.49928
555,Chroustovice,54.4829275,830244,-1.41181
556,Ajman,53.1698256,546063,-20.26752
557,Ciharalang,81.4158592,894520,8.83911
558,Novo Selo,24.7048655,663812,-7.70518
559,Chonchi,40.5033129,985644,5.80136
560,Alavus,56.3116613,485039,-15.73518
561,Pesagen,71.9307001,156288,14.57277
562,Cidahu,37.7726175,771678,-15.94999
563,Souto,89.0794551,92932,-20.82048
564,Kloangrotat,88.1923759,489842,-1.86332
565,Mancogeh,26.9608789,212314,-12.47757
566,Wrząsowice,56.6593504,689309,-1.7392
567,Iperó,30.202231,644383,-12.37773
568,Phu Kam Yao,40.0681688,569489,24.46692
569,Kosmonosy,52.4036743,131621,-17.09994
570,Imrīsh,7.2443346,120404,21.47169
571,Извор,40.9957081,629316,9.61835
572,Fengting,2.5041504,568258,-17.56329
573,Złotniki Kujawskie,4.9999904,158550,-1.43313
574,At-Bashi,94.8853358,107013,-10.62002
575,Göteborg,70.4613738,242478,18.43119
576,Daykitin,7.2967504,175811,-23.18568
577,Quebrada de Arena,2.9808355,601116,2.31628
578,Lomba,96.7684258,352129,16.98237
579,Gangou,72.0322244,614202,-17.99567
580,La Celia,24.798038,120166,17.08493
581,Limoges,82.1596463,913593,24.11395
582,Refojos,99.8245098,628498,6.90955
583,Shiyuan,36.1347374,833440,-18.59898
584,Semeljci,91.3845434,90095,9.91773
585,Dourbali,7.5830196,129524,-4.88434
586,Villa Santa Rosa,31.108137,834216,-8.38191
587,Kentville,46.7069287,802466,-18.97668
588,Shangjin,21.9507574,127661,-23.8472
589,Fuzhai,1.2115495,597033,-8.26447
590,Kajanan,54.5969145,339223,-13.12151
591,Nato,41.5511239,63196,-8.26788
592,Yengimahalla,99.9932898,682383,-23.19138
593,Tharyarwady,19.7122552,818910,24.54122
594,Tartu,28.1135194,342713,-16.37099
595,Haibara,96.3686092,290194,10.40496
596,Arjona,27.6442094,291129,-10.0645
597,Salacgrīva,29.1361782,425057,-4.34074
598,Matagami,51.3653822,827773,-12.9486
599,Ar Rawnah,71.7967531,954869,6.24557
600,Singabarong,22.8765506,531290,-4.63568
601,Glogovac,15.4614887,844174,-21.48203
602,Luopioinen,29.5552077,240590,14.11057
603,Sairam,88.9138259,396953,-12.24532
604,Gajrug,39.5878935,750600,-1.13886
605,Quinta do Anjo,73.4002239,317068,-5.15396
606,Herrera,15.9062413,755836,18.6439
607,Longqiao,57.2942252,39339,-7.90302
608,Jaru,88.1919422,401205,-24.55945
609,Tegalrejo,46.5474226,913512,21.90837
610,Isidro Fabela,74.8394752,982341,1.84755
611,Jiahe,43.9075168,310123,-18.28451
612,Słupno,84.1744805,777209,0.21945
613,Keruguya,20.7226258,972331,-4.03341
614,Wutun,48.7302778,113384,3.10581
615,New York City,23.8778133,745804,-24.7688
616,Limulunga,49.9891303,415110,-18.70929
617,Chifeng,87.2242317,624613,11.03206
618,Zabaykal’sk,64.6683036,509109,9.25751
619,Tsirang,52.7187778,185755,-19.18485
620,El Carmen,57.1435397,87587,-8.60303
621,Soloneshnoye,70.5920148,746050,1.92116
622,Gongjiang,40.6541599,697625,15.29826
623,Krajan,61.7622175,211571,14.70721
624,Zhaojia,51.0006355,822903,2.58645
625,Malo,39.4784705,425450,-22.57776
626,Ban Lŭng,3.0697461,237499,20.91776
627,Higetegera,93.0615781,364857,7.85591
628,La‘l,82.8283106,390139,6.33832
629,Guofu,88.3474691,79176,16.96438
630,Niedzica,8.1358439,231653,-17.74731
631,Västerås,5.7447446,232415,23.88722
632,Malim,17.5308193,551630,-24.09527
633,Ligang,6.2607381,542386,-10.29975
634,Mēga,70.3598881,761612,-24.46518
635,Paranaguá,25.7212805,507460,-1.3027
636,Krasnoye,11.3793315,146265,-8.47127
637,Heqiao,17.1287305,414703,-8.44894
638,Watunggong,81.7396097,939916,-22.31062
639,Huashi,47.674897,227754,-22.35694
640,Mukun,51.6807295,643331,-19.34139
641,Taman,95.1880885,325704,-13.926
642,Boston,72.2734537,677652,22.03734
643,Dongguang,63.3445803,636311,10.08098
644,Zhen’an,63.8887054,715340,-2.80959
645,Guleluke,31.2687591,172723,-12.05202
646,Los Algarrobos,30.1672383,757182,20.24303
647,Chiba,66.1567887,85346,16.50328
648,Kyustendil,78.5388475,674429,23.87468
649,Canaman,28.1741679,151682,-10.7137
650,Malabang,27.808846,415027,-15.83728
651,Tala,48.5926091,42792,24.91251
652,Hämeenkoski,57.4386932,111733,-14.09587
653,Xianqiao,86.9443013,318894,22.25026
654,Kremenets’,39.0452923,826346,2.06389
655,Gospić,82.2988975,815719,4.97995
656,Vidovci,41.2117422,682774,5.13969
657,Puerto San José,12.1733621,303022,3.81869
658,Bolorejo,36.0916712,662777,-19.60788
659,Moyynkum,74.7008159,208621,-17.64952
660,Guanlu,1.3607177,82159,-17.17071
661,Pehčevo,45.6337148,820165,-16.16517
662,Sishiba,70.5114824,545750,13.51418
663,Concepcion,28.4306358,853487,3.30337
664,Aeka,24.8704618,406870,-20.33248
665,Pamoyanan,30.9379067,510658,-15.94794
666,Cikalong,58.9095514,247917,-12.17655
667,Turmi,10.1054751,58573,23.96948
668,Bopu,74.8255607,148035,18.20908
669,Lugar Novo,1.4875088,555536,-18.75439
670,Shiye,92.7902832,229272,20.47722
671,Kallar Kahār,44.7913645,535948,9.96459
672,Kuczbork-Osada,50.7936902,779570,3.34032
673,Galveias,36.0074728,425991,7.34401
674,Bābolsar,79.2889901,523691,-23.10479
675,Lukou,94.8348595,459478,-19.48671
676,Tabia,25.0416362,321562,-22.37638
677,Puerto Asís,5.2514838,656063,-16.1977
678,Pag,84.5560673,982308,-4.54992
679,Sumbergayam,49.2080827,937133,-1.74903
680,Hněvotín,17.5164409,664513,-19.55735
681,Ankou,60.82825,43859,20.93167
682,Haoba,11.5126496,138906,20.64315
683,Brodek u Přerova,25.3618764,961896,3.30807
684,Beloha,55.9864315,191137,-15.17264
685,Shuiying,43.6341136,741832,21.39361
686,Vahdat,39.8674653,232675,-4.3082
687,Stockholm,89.4190937,480003,19.86083
688,Taltal,61.1951973,856308,-16.3826
689,Shiree,63.6137939,936008,-10.57562
690,Narutō,35.0252227,975816,24.64799
691,Lanhe,98.2263064,457385,-2.96075
692,Tawangsari,55.4792629,731811,5.64541
693,Al Wardānīn,57.8526114,971069,-23.94204
694,Bayanbaogede,63.5332343,605281,-14.62348
695,Zhujiaqiao,30.0523391,36446,19.87576
696,Sōja,46.5604208,866856,-12.77726
697,Photharam,91.5591784,733516,-14.78731
698,Kap Choeng,92.244942,523390,4.99584
699,Yuyao,1.4076811,243773,16.39356
700,Kalayemule,21.8438294,342631,-9.64399
701,Lianhe,50.1816314,814755,-10.35422
702,Dowlatyār,12.0069899,553325,12.46683
703,Rialma,34.9806993,652653,-6.83635
704,Vorzel’,4.9393199,871881,-15.5831
705,Planeta Rica,26.8342297,634158,-1.65101
706,Jianghu,71.7994817,566364,9.87675
707,Hetai,29.9159939,699430,-7.76751
708,Jingdu,48.2824346,824681,21.74885
709,Tanghua,47.7599126,533890,-15.66485
710,Villa Nueva,87.170469,783295,2.03061
711,Yaodian,58.6346796,208424,13.25671
712,Klole,85.5333915,63272,-8.04643
713,General Emilio Aguinaldo,7.1932341,383917,24.65494
714,Longjing,96.5866199,287378,24.79094
715,Kamloops,45.0886907,137627,-23.39337
716,Ambatofinandrahana,88.7820505,536485,22.48525
717,Gubo,42.663214,329513,-22.44338
718,Cochabamba,26.8522134,553043,23.50486
719,Magitang,77.6262376,495111,14.96935
720,Ballsh,65.5780575,122713,13.38562
721,San Agustín,52.9297729,433073,-2.63962
722,Köpingsvik,73.7905013,395058,-2.67424
723,Baquero Norte,51.5994708,961751,19.29537
724,Halmstad,45.0860413,218494,-12.66633
725,Jazovo,88.3990245,814983,3.55075
726,El Rosario,15.7965376,689735,17.97397
727,Moorreesburg,10.1411781,385284,-7.22774
728,Albion,54.522714,952504,22.44781
729,Bershet’,93.438059,600380,-18.54185
730,Crauthem,67.0242752,258187,-3.93868
731,Donghui,42.8078084,462041,-10.16545
732,Houjiagang,10.9795,432073,-5.7098
733,Lewokluok,18.2259333,144004,16.8375
734,Altavista,2.6903197,718947,-5.59998
735,Rio Grande da Serra,43.9801027,753846,9.65414
736,Ferraz de Vasconcelos,67.6503432,837363,14.59156
737,Ponte,8.2826532,400200,-7.74259
738,Chuangwang,96.0206434,424935,-10.81119
739,Pajić Polje,25.0430514,319270,1.05635
740,Kontagora,55.9082908,977824,24.00544
741,Yanjiang,96.7997256,167627,-14.80593
742,Ronneby,88.8666932,160124,-0.6555
743,Brzeg Dolny,27.6389727,825640,-21.17939
744,Chilliwack,63.3882151,178248,-24.28993
745,Barayong,47.384431,161847,-16.4642
746,L'Épiphanie,41.1634448,266600,18.83786
747,Nagrak,94.1580508,605835,-6.92766
748,Nowy Korczyn,40.8108059,270646,21.08308
749,Suzëmka,18.4629581,903486,24.09704
750,Puyang,7.2157635,347982,-3.2587
751,Osan,92.0976834,321556,-21.32099
752,Ust’-Katav,16.9528997,200659,14.30753
753,Shanggan,39.5967494,48953,-10.94905
754,Real,72.137428,147451,3.44775
755,Turmi,4.4610386,39289,-11.91569
756,Ning’an,51.0735648,149444,13.52889
757,Qikeshu,78.7736009,940562,-23.00855
758,Vierzon,87.2137902,247360,4.95378
759,Xinhui,13.0529387,668775,12.88706
760,Крива Паланка,25.0046755,259767,-16.68345
761,Wololele A,41.5119384,374037,11.46618
762,Chedao,38.0989492,733337,17.66628
763,Kauman,40.0403114,837441,-18.45757
764,Kungsör,50.4103572,75573,-9.69819
765,Baitoa,81.7445965,282591,3.22977
766,Ibagué,7.9434036,493879,-4.66663
767,Changtan,68.0726846,727022,1.69324
768,Thị Trấn Hát Lót,37.229996,838382,13.80644
769,Lishu,26.2286222,902554,24.84775
770,Vinha,65.1176573,298739,-16.45616
771,San Rafael,26.026905,573264,16.44956
772,Sambong,84.6419583,111994,-24.46248
773,Nanmuping,56.611376,99610,1.87256
774,Santa Helena de Goiás,78.646389,619206,-16.36349
775,Hutang,7.8165902,413093,-5.52188
776,Khantaghy,75.1940031,263851,15.5787
777,Čelinac,7.5838192,691146,-13.12719
778,Evansville,18.6072812,44444,1.9464
779,Santa Barbara,81.5465062,374382,7.74532
780,Sindong,51.0163975,481773,23.32055
781,Rechka,62.4426859,405876,-9.99031
782,Knyazhichi,33.4561151,802112,-21.34193
783,Blažovice,17.6524805,634662,-15.71949
784,Wanlongshan,56.2907085,779491,5.39261
785,Wudabao,41.4955427,738198,-22.39333
786,Villa Florida,11.1761628,923009,-21.58897
787,Taojiahe,9.0640034,672675,2.2815
788,Guanshui,42.0899057,951061,15.17337
789,Bukowiec,48.8894263,924440,-14.15146
790,Mellila,6.0914438,703362,-12.2666
791,Krasnoshchekovo,63.5397452,918592,-6.25375
792,Purwokerto,14.0185685,941479,-13.07472
793,Lokokrangan,65.9747989,414456,18.27434
794,Itsukaichi,22.8095876,335929,6.33314
795,Matviyivka,91.7696241,967664,2.85268
796,Bồng Sơn,52.5826731,97219,21.65779
797,Dasongshu,65.247945,732751,13.65932
798,Xiqiao,12.1179623,604057,12.33667
799,Santa Clara,80.8271409,204603,-7.01474
800,Jing’an,4.6537167,125400,-11.49339
801,Bonn,7.3026019,770536,-24.48907
802,Kasukabe,42.0304977,256785,-16.39093
803,Baishan,22.8735148,836186,-9.04132
804,Balaoang,34.293191,659527,-23.60463
805,Kaset Sombun,20.3908425,829272,-20.1687
806,Cibeureum Kidul,59.9986797,148443,-13.53598
807,Twante,84.1621125,875755,-12.54555
808,Lillehammer,36.6172951,458483,-1.92312
809,Sępólno Krajeńskie,57.2251606,868191,2.15829
810,Kuala Lumpur,91.0071937,616251,20.82165
811,Göteborg,76.824632,327933,19.68328
812,Sérifos,31.9881775,785714,24.70648
813,Gereshk,77.6285835,273674,22.84075
814,Hollywood,59.9248616,414516,4.06282
815,Zhongxiao,19.7722464,125317,-6.0789
816,Mateur,15.7418393,761035,-20.45497
817,Shache,64.3510055,448718,-15.32305
818,Arujá,53.0407901,654130,8.7754
819,Všeruby,69.6009203,632920,-7.84199
820,Tuzha,63.2496962,502377,-18.94388
821,Maceda,86.8744239,864876,7.7
822,Lilongwe,48.5687375,97429,18.70376
823,Nakovo,23.5291796,53779,-6.25531
824,Hekou,52.8666725,310905,-18.83174
825,Juxing,27.1555757,170751,23.90698
826,Beixiang,5.7917398,34335,20.67762
827,El Quiteño,36.129889,977909,4.80518
828,Lappi,50.6222278,507787,11.27119
829,Białołeka,5.7747738,374388,20.04514
830,Nizhniye Achaluki,92.5398192,323870,-23.5537
831,Sedatiagung,61.0796069,704999,3.97163
832,Dabaozi,96.093097,863642,-23.37575
833,Fuquan,77.9163437,867311,14.95902
834,Thongwa,75.4909554,538770,5.92644
835,Buenlag,64.0136706,80908,-6.46112
836,Weetombo,74.0025286,902837,-8.91102
837,Lanxi,23.1164578,743847,-24.5291
838,Najrān,15.6944016,416579,2.49415
839,San Mateo,31.3979068,660792,18.49793
840,Jiedu,9.4257123,730019,23.10217
841,Songshan,92.9627355,268823,20.41278
842,Panyingkiran,57.9701175,926330,19.76287
843,Lũng Hồ,69.35325,491675,-17.97672
844,Petrovskoye,9.5565801,72658,1.64423
845,Zaporizhzhya,11.5122631,201590,9.44352
846,Kołczygłowy,95.6636499,275343,-20.5476
847,Karlstad,49.5127922,160140,-21.53251
848,Naguilian,90.8816305,103274,-2.52498
849,Cusco,90.5281537,865928,-17.13995
850,Sịa,53.3782598,903329,-11.59232
851,Kirkton,99.9059044,123764,-8.93307
852,Kasamatsuchō,15.2433583,686539,24.33397
853,Leigao,28.1992712,993306,-24.22719
854,Boroon,1.9822609,938428,6.4593
855,Timiryazevo,78.9112218,722599,-6.61501
856,Vetlanda,79.2319675,49887,18.30627
857,Huayacundo Arma,25.1617016,537234,20.38474
858,Layo,34.2628453,879252,17.18215
859,Shlissel’burg,94.0558321,758758,-19.79864
860,Amirdzhan,22.8638016,737720,-23.0525
861,Gunajaya,83.1730378,660400,15.80828
862,Babasakhib,3.3895285,498156,-10.63172
863,Maniwaki,51.1783561,212350,15.13117
864,Oeleu,79.4485309,487844,-8.27152
865,Kertapura,95.7789168,788914,14.91604
866,Uchimaru,50.0163448,472645,7.78859
867,Milagros,48.9919367,428066,3.67108
868,Scranton,25.4205031,476524,10.1496
869,Špišić-Bukovica,50.7404874,815713,23.52565
870,Hanyuan,63.9661636,860528,4.52907
871,San Jose,47.1039864,663905,8.42265
872,Oslo,64.4750201,684106,-19.0414
873,Bamenda,16.5474965,709545,11.41431
874,Khalīlābād,98.4595368,565958,-15.22147
875,Sinazongwe,18.8876737,780351,17.83375
876,Sujiatun,89.6984889,148234,-2.73768
877,Luján de Cuyo,91.3490148,871531,7.24179
878,Kralupy nad Vltavou,42.4039035,66367,10.38911
879,Dallas,14.2654259,238433,-17.42205
880,Černá Hora,13.9097785,332732,-13.36447
881,Kożuchów,51.1538505,168651,6.64913
882,Nagasari,69.2325917,185215,-17.37606
883,Verkhnyaya Belka,49.8580913,718356,-8.63445
884,Salcedo,55.6257708,792691,4.81592
885,Sansanné-Mango,64.2012206,245131,-8.23274
886,Nankāna Sāhib,11.4131074,732989,11.00108
887,Vasylkiv,26.1705925,645448,4.57267
888,Longwu,84.7784651,87403,-0.13048
889,Malummaduri,88.4420722,114430,-3.98329
890,Calape,28.2575405,987615,16.34702
891,Huangpu,63.3045419,599093,-7.32001
892,Pueblo Nuevo,74.4750114,464201,3.3552
893,Porlamar,22.7538549,365178,8.80544
894,Thoeng,78.6375742,340274,-10.59376
895,Minle,31.9923831,164818,12.77941
896,Huimin,94.0786618,775021,13.66503
897,Złotów,20.9907566,838307,9.85312
898,Az Zulfi,19.8808729,134869,19.0673
899,Vysehrad,73.9468803,908715,-17.88774
900,Kampene,97.4296067,700454,3.41374
901,Huangcun,45.4693627,896435,1.99707
902,Paris 19,27.5099556,517200,-7.60316
903,Alhos Vedros,90.9020417,510662,19.14016
904,Tegalagung,85.168563,885418,7.99517
905,Gaowu,67.2267332,130698,7.45959
906,Pisz,53.7709014,819957,23.45154
907,Pu’an,96.4687753,187311,-7.37797
908,Bogatynia,1.2119502,600120,-19.60147
909,Qijiaxi,39.8235253,816066,-1.03768
910,Azacualpa,39.8790907,279518,18.10485
911,Cintra,50.7638242,142634,18.03887
912,Ichnya,79.8746562,930877,-3.40532
913,Dhanot,67.5289126,591562,13.47452
914,Surup,16.2608281,919491,2.27944
915,West Palm Beach,68.73083,712649,-12.07445
916,Kalembutillu,51.6724713,612617,-23.77972
917,Zalantun,77.6176448,104543,11.92348
918,Gaojia,68.6252247,920949,18.2736
919,Jiacun,44.7592792,880466,4.16602
920,Cañasgordas,37.3092314,922299,16.19073
921,Yonago,9.3420465,375177,-0.74791
922,Randegan,43.3093519,236743,15.5275
923,Machetá,52.9605752,300997,7.2838
924,Wola Jachowa,30.0711525,36858,-23.66833
925,Cockburn Town,43.4645657,665430,10.92416
926,Comilla,93.9546692,103823,4.31367
927,Xiaoxi,60.9013307,273997,20.29615
928,Kupiskis,86.3873487,653570,9.69893
929,Harbin,10.0132088,98091,-19.49582
930,Āsmār,17.364362,180807,-16.95472
931,Campraksanta,49.2754634,266770,-1.84857
932,Ribeiro,32.2426343,517093,-0.59142
933,Nungwi,23.27124,639049,-6.76217
934,Rūdiškės,88.6336864,278426,-2.09313
935,El Quebrachal,60.7367085,59065,-23.32831
936,Gävle,98.1103953,737197,-7.95091
937,Fenglin,65.1650298,321899,10.93391
938,Motge,45.7490914,457031,-19.79362
939,Litian,95.7922057,726750,-18.3124
940,Melaka,81.5356467,900155,-3.59068
941,Hujia,69.1378489,366407,14.36997
942,Vorontsovka,29.7352692,939619,4.86047
943,Ulaan Khat,53.5756108,743712,19.64965
944,Casuguran,70.8018981,940437,11.30994
945,Berlin,82.7541075,485100,21.61637
946,Alto do Estanqueiro,81.1102526,432796,10.41075
947,Pilaya,69.2262698,307967,11.70637
948,Ludu,55.9949657,184968,15.95415
949,Nogueira,96.7758082,54561,-9.15513
950,Xitiangezhuang,43.7340875,496254,13.23972
951,Liloan,10.6489559,744703,9.22035
952,Tanjung Palas,93.3553492,161552,-22.53899
953,Oskarshamn,88.4452973,929549,4.71948
954,Bagong Barrio,67.1693427,217214,8.61596
955,Mikstat,62.8951298,162822,-17.13128
956,Ivanovskoye,89.764202,27611,-24.40539
957,Mértola,38.1065266,365015,20.87527
958,Sukarame,70.2245114,271986,-13.915
959,Borda da Mata,34.9858351,147359,7.04821
960,Baibu,93.1024908,807584,-3.4166
961,Ciakar,68.2677948,974403,-21.38246
962,Pelasgía,54.9807512,358075,17.57058
963,Medaya,4.5664226,622476,-11.74669
964,Hushaat,2.3907261,115477,-18.14948
965,Araruama,65.5280067,324671,-18.70562
966,San Eduardo,8.3140677,54038,-0.8639
967,Aldeia,55.4290782,927504,-14.4001
968,Sorren Daya,6.4737062,931618,4.48585
969,San Francisco,61.5113471,348302,-20.25086
970,Lelydorp,12.6384845,545632,-13.22246
971,Rumat Heib,21.5948016,883634,15.56911
972,Fulu,5.4633054,898165,-20.61416
973,Aranguren,1.8752085,90883,10.54619
974,Bueng Khong Long,44.849359,855435,-20.39144
975,Leppävirta,55.909189,207249,-17.11008
976,Jiazhi,67.7082935,816102,-10.05683
977,Grajaú,15.1720489,818064,-6.47015
978,Cannes,37.5871715,756613,-24.35223
979,Volgo-Kaspiyskiy,61.3891289,789286,-16.04128
980,Parista,48.5766349,645024,-18.2014
981,Ikey,61.5937239,774852,-10.99984
982,Pyatnitskoye,81.6408824,409400,-19.27328
983,Nässjö,73.7220956,338159,15.67075
984,Nadrupe,57.7183737,697987,14.39446
985,Petrijevci,55.0753936,510074,-13.83149
986,Bacem,7.6901165,452147,-22.83508
987,Mawlaik,9.9798308,668103,-20.4331
988,Kakamas,48.834794,117370,-20.88523
989,Bulangan,34.9109269,685375,-19.86097
990,Sumqayıt,18.1771722,137617,15.9884
991,Zarya,18.3952376,820096,2.82527
992,Karang Daye,50.3628937,300350,-5.09537
993,Marseille,98.9009312,681025,4.50076
994,Taupo,96.6292517,671040,-24.66717
995,Baoshan,53.7595149,879922,-11.23811
996,Castlebellingham,43.9558666,884689,-23.21116
997,Bowang,24.9956092,819963,19.80034
998,Huangjiakou,50.6934548,415695,-8.60078
999,Voskopojë,76.0583536,120458,11.32595
1000,Maulavi Bāzār,21.4359249,68183,-21.02502
