Date,Open,High,Low,Close,Volume,Market Cap
17-Sep-17,298.59,315.58,278.17,313.84,38081600.00,"2,257,850,000"
16-Sep-17,284.5,301.23,276.57,298.86,43702600.00,"2,150,800,000"
15-Sep-17,236.05,300.11,220.51,284.36,72695500.00,"1,784,040,000"
14-Sep-17,301.11,303.74,236.24,236.24,35013800.00,"2,275,100,000"
13-Sep-17,324.72,325.16,287.25,301.29,28322500.00,"2,452,930,000"
12-Sep-17,318.42,328.6,318.42,325.97,27190400.00,"2,404,680,000"
11-Sep-17,322.02,332.12,315.91,318.4,25159900.00,"2,431,230,000"
10-Sep-17,323.24,323.24,295.86,320.11,27435400.00,"2,439,780,000"
9-Sep-17,334.95,335.13,313.69,323.14,23244600.00,"2,527,540,000"
8-Sep-17,343.53,368.17,317.95,333.21,63012500.00,"2,591,570,000"
7-Sep-17,346.45,347.57,333.8,343.91,24715700.00,"2,612,980,000"
6-Sep-17,328.15,348.45,326.95,347.17,35294300.00,"2,474,300,000"
5-Sep-17,316.88,333.83,286.53,327.23,53928800.00,"2,388,710,000"
4-Sep-17,356.94,357.21,301.84,316.13,44170200.00,"2,689,920,000"
3-Sep-17,354.63,373.08,338.23,356.39,34945200.00,"2,670,270,000"
2-Sep-17,393.53,395.92,329.27,350.17,54813400.00,"2,962,400,000"
1-Sep-17,377.92,393.35,376.34,393.35,55440700.00,"2,844,110,000"
31-Aug-17,368.57,380.34,368.18,378.32,34978600.00,"2,773,030,000"
30-Aug-17,359.59,375.7,358.69,368.34,44586300.00,"2,704,790,000"
29-Aug-17,357.16,367.34,354.49,359.55,50014900.00,"2,685,760,000"
28-Aug-17,362.5,369.19,351.24,356.78,57630700.00,"2,725,220,000"
27-Aug-17,400.42,400.63,358.23,362.89,121516000.00,"3,009,530,000"
26-Aug-17,315.28,409.77,315.28,399.85,267415000.00,"2,369,010,000"
25-Aug-17,317.91,320.65,306.68,315.89,53632700.00,"2,388,160,000"
24-Aug-17,292.96,315.37,291.19,315.37,58804500.00,"2,200,130,000"
23-Aug-17,290.46,299.14,287.73,292.57,47798300.00,"2,180,790,000"
22-Aug-17,280.29,299.98,260.53,291.5,74971200.00,"2,103,900,000"
21-Aug-17,293.77,300.52,275.94,279.58,58023900.00,"2,204,480,000"
20-Aug-17,288.2,327.25,287.82,294.2,107973000.00,"2,162,080,000"
19-Aug-17,224.67,329.98,224.67,288.7,220487000.00,"1,685,040,000"
18-Aug-17,233.84,240.41,219.42,224.28,50324200.00,"1,753,350,000"
17-Aug-17,231.58,260.6,229.08,233.62,98375500.00,"1,736,000,000"
16-Aug-17,203.85,233.53,198.92,232.02,63100100.00,"1,527,710,000"
15-Aug-17,199.8,206.13,192.73,203.52,37532600.00,"1,496,920,000"
14-Aug-17,198.32,202.89,195.35,199.44,29888400.00,"1,485,500,000"
13-Aug-17,205.59,207.19,192.14,198.17,36281800.00,"1,539,490,000"
12-Aug-17,206.22,210.64,201.38,205.49,30017500.00,"1,543,820,000"
11-Aug-17,200.82,209.11,199.59,205.79,28677400.00,"1,502,990,000"
10-Aug-17,199.56,205.54,195.78,200.96,30972000.00,"1,493,200,000"
9-Aug-17,203.74,205.87,193.33,199.21,31657100.00,"1,524,040,000"
8-Aug-17,196.58,205.5,194.97,203.84,35117200.00,"1,470,120,000"
7-Aug-17,189.07,197.91,187.05,197.19,32441600.00,"1,413,570,000"
6-Aug-17,193.71,195,188.43,189.13,25336000.00,"1,447,880,000"
5-Aug-17,186.96,195.55,185.73,193.83,41127900.00,"1,397,060,000"
4-Aug-17,186.92,189.96,186.13,186.97,28791800.00,"1,395,520,000"
3-Aug-17,183.17,189.19,180.28,186.99,25612400.00,"1,367,150,000"
2-Aug-17,185.16,186.24,181.42,182.93,19076200.00,"1,381,630,000"
1-Aug-17,179.2,186.23,177.26,184.75,34656300.00,"1,336,810,000"
31-Jul-17,173.15,180.05,171.76,178.51,29249300.00,"1,291,390,000"
30-Jul-17,185.45,187.95,172.47,172.82,25327200.00,"1,382,710,000"
29-Jul-17,185.11,187.66,169.34,185.25,40505200.00,"1,379,860,000"
28-Jul-17,194,196.91,181.57,185.61,30108800.00,"1,445,720,000"
27-Jul-17,195.08,199.43,192.47,194.09,26363200.00,"1,453,370,000"
26-Jul-17,195.49,200.88,189.33,194.37,38380000.00,"1,456,070,000"
25-Jul-17,204.04,212.4,189.03,195.52,84970400.00,"1,519,340,000"
24-Jul-17,191.11,216.62,187.29,204.02,90278800.00,"1,422,690,000"
23-Jul-17,195.02,195.74,187.26,191.03,31110400.00,"1,451,390,000"
22-Jul-17,186.13,195.55,185.55,195.31,23312700.00,"1,384,830,000"
21-Jul-17,188.58,193.8,180.68,185.86,32884200.00,"1,402,760,000"
20-Jul-17,154.85,193.87,154.85,188.59,98932600.00,"1,151,530,000"
19-Jul-17,157.98,170.25,153.87,155.65,28281400.00,"1,174,490,000"
18-Jul-17,154.5,165.7,146.25,158.07,28103500.00,"1,148,330,000"
17-Jul-17,132.34,154.91,132.34,153.85,32658200.00,"983,325,000"
16-Jul-17,139.65,143.54,119.17,132.64,35385900.00,"1,037,360,000"
15-Jul-17,161.28,163.44,139.91,140.14,30810000.00,"1,197,760,000"
14-Jul-17,171.48,171.91,156.49,161.08,26831900.00,"1,273,130,000"
13-Jul-17,179.83,182.61,169.57,171.24,24269400.00,"1,334,790,000"
12-Jul-17,165.03,179.89,159.54,179.89,30198600.00,"1,224,620,000"
11-Jul-17,173.63,180.37,159.99,165.73,44860900.00,"1,288,140,000"
10-Jul-17,195.99,197.38,170.06,174.4,38824100.00,"1,453,580,000"
9-Jul-17,209.64,212.48,195.64,195.64,44286500.00,"1,554,430,000"
8-Jul-17,196.15,211.31,187.21,209.2,41486800.00,"1,454,000,000"
7-Jul-17,212.72,213.08,194.8,196.46,59581400.00,"1,576,370,000"
6-Jul-17,210.34,227.89,205.37,213.17,114292000.00,"1,558,330,000"
5-Jul-17,183.05,212.66,181.06,209.48,93285800.00,"1,354,980,000"
4-Jul-17,180.22,187.3,180.22,183.06,51222900.00,"1,333,710,000"
3-Jul-17,173.37,182.58,171.91,180.79,40038200.00,"1,282,650,000"
2-Jul-17,165.61,174.1,163.99,173.49,33257700.00,"1,224,910,000"
1-Jul-17,181.66,182.29,165.63,165.71,42283100.00,"1,343,300,000"
30-Jun-17,177.3,184.58,177.3,181.77,48166300.00,"1,310,690,000"
29-Jun-17,183.17,184.48,176.72,177.17,42548600.00,"1,353,710,000"
28-Jun-17,177.01,185.97,174.59,184.13,27008600.00,"1,307,820,000"
27-Jun-17,162.89,176.02,153.94,176.02,48931600.00,"1,203,160,000"
26-Jun-17,172.96,175.91,149.22,162.89,40405300.00,"1,277,190,000"
25-Jun-17,182.35,183.43,169.3,172.88,36111800.00,"1,346,200,000"
24-Jun-17,189.31,190.52,178.61,182.62,35863100.00,"1,397,190,000"
23-Jun-17,177.03,193.47,177.03,189.26,42975000.00,"1,306,270,000"
22-Jun-17,179.29,183.33,175.72,177.06,37412700.00,"1,322,590,000"
21-Jun-17,187.77,188.09,175.04,178.81,40445100.00,"1,384,740,000"
20-Jun-17,201.37,203.71,180.61,187.91,58960400.00,"1,484,670,000"
19-Jun-17,193.21,208.42,192.88,201.26,98763400.00,"1,424,100,000"
18-Jun-17,178.52,193.93,176.12,193.53,77003000.00,"1,315,450,000"
17-Jun-17,166.21,183.85,166.16,178.13,58241000.00,"1,224,440,000"
16-Jun-17,163.63,167.65,158.43,166.25,35834400.00,"1,205,110,000"
15-Jun-17,163.12,166.05,143.32,163.35,48167500.00,"1,201,030,000"
14-Jun-17,183.65,191.58,156.18,163.21,53986500.00,"1,351,820,000"
13-Jun-17,171.27,183.97,171.27,183.97,51568400.00,"1,260,370,000"
12-Jun-17,187.1,197.17,162.31,170.78,79698800.00,"1,376,490,000"
11-Jun-17,151.99,200.12,151.99,188.27,155786000.00,"1,117,860,000"
10-Jun-17,149.13,152.48,147.84,152,32894500.00,"1,096,550,000"
9-Jun-17,144.94,149.69,144.94,148.93,28944700.00,"1,065,470,000"
8-Jun-17,140.82,146.1,139.47,145.03,29049200.00,"1,034,920,000"
7-Jun-17,145.25,153.76,138.17,140.36,44240500.00,"1,067,130,000"
6-Jun-17,145.43,147.96,134.27,145.19,66883600.00,"1,068,210,000"
5-Jun-17,143.41,145.86,142,144.92,40209200.00,"1,053,050,000"
4-Jun-17,143.88,143.89,140.43,143.35,28248800.00,"1,055,520,000"
3-Jun-17,145.28,148.42,142.8,144.29,39144000.00,"1,065,460,000"
2-Jun-17,137.08,145.88,136.33,145.29,39172500.00,"1,005,050,000"
1-Jun-17,136.47,147.94,131.64,136.08,46692500.00,"1,000,300,000"
31-May-17,121.85,141.84,117.98,135.97,59781000.00,"892,886,000"
30-May-17,117.17,127,115.4,121.13,42919400.00,"858,404,000"
29-May-17,107.93,119.2,105.64,117.26,35802200.00,"790,454,000"
28-May-17,100.42,115.58,100.42,108.14,39651700.00,"735,254,000"
27-May-17,113.35,117.76,89.05,99.2,39936600.00,"829,763,000"
26-May-17,118.61,139.46,110.03,112.94,45411400.00,"868,031,000"
25-May-17,143.2,145.14,118.68,119.63,60488800.00,"1,047,690,000"
24-May-17,139.1,157.09,139.1,144.63,47161500.00,"1,017,440,000"
23-May-17,120.38,144.18,117.86,138.07,51407800.00,"880,270,000"
22-May-17,101.67,146.8,96.29,120.73,76089200.00,"743,266,000"
21-May-17,100.72,102.35,98.01,102.03,19898000.00,"736,086,000"
20-May-17,98.83,105.87,98.69,100.77,22378100.00,"722,090,000"
19-May-17,89.87,101.1,88.77,98.98,25889600.00,"656,468,000"
18-May-17,83.21,89.8,83.21,89.73,14126000.00,"607,656,000"
17-May-17,85.64,85.79,81.89,83.26,15847600.00,"625,221,000"
16-May-17,91.68,91.68,85.09,85.59,14638900.00,"669,083,000"
15-May-17,89.88,91.9,84.6,91.49,15672900.00,"655,801,000"
14-May-17,89.56,90.97,88.53,89.8,12006000.00,"653,270,000"
13-May-17,86.75,89.75,83.5,89.35,14419400.00,"632,643,000"
12-May-17,91.8,92.43,85.88,86.8,15467900.00,"669,279,000"
11-May-17,91.62,93.94,90.14,91.54,15996300.00,"667,796,000"
10-May-17,92.89,97.19,89.82,91.52,17906900.00,"676,854,000"
9-May-17,101.12,103.81,82.49,93.3,33359200.00,"736,626,000"
8-May-17,106.55,107.04,95.46,101.1,26320700.00,"775,962,000"
7-May-17,99.53,111.68,98.42,106.28,30297200.00,"724,648,000"
6-May-17,99.18,101.57,97.44,99.76,17201700.00,"721,874,000"
5-May-17,92.87,105.36,92.87,99.01,29039200.00,"675,223,000"
4-May-17,90.12,96.7,90.06,92.8,26417800.00,"655,081,000"
3-May-17,86.24,90.46,84,90.08,18749400.00,"626,662,000"
2-May-17,87.91,89.42,83.4,86.24,14430400.00,"638,649,000"
1-May-17,91.5,96.37,84.92,88.12,22978900.00,"664,545,000"
30-Apr-17,94.21,97.13,88.8,91.55,19963300.00,"684,050,000"
29-Apr-17,79.67,100.46,79.67,94.95,39496900.00,"578,278,000"
28-Apr-17,78.02,80.93,77.32,79.49,16201200.00,"566,202,000"
27-Apr-17,71.52,80.62,71.08,78.17,18560500.00,"518,868,000"
26-Apr-17,72.04,72.23,70.68,71.53,8605760.00,"522,517,000"
25-Apr-17,72.19,72.94,71.62,72.07,8641860.00,"523,445,000"
24-Apr-17,68.93,72.22,68.93,72.2,7918480.00,"499,641,000"
23-Apr-17,71.18,72.24,68.77,68.89,8328060.00,"515,838,000"
22-Apr-17,70.85,72.52,70.35,71.22,9913170.00,"513,274,000"
21-Apr-17,71.48,72.8,70.57,70.88,9790840.00,"517,733,000"
20-Apr-17,72.18,72.74,71.03,71.45,9144880.00,"522,642,000"
19-Apr-17,72.76,75.63,72.27,72.28,11688300.00,"526,688,000"
18-Apr-17,75.63,76.22,71.08,72.83,14595000.00,"547,341,000"
17-Apr-17,75.32,75.97,74.2,75.64,10470900.00,"544,956,000"
16-Apr-17,75.07,76.76,74.48,75.34,11539500.00,"542,961,000"
15-Apr-17,70.81,77.79,69.45,75.01,17237300.00,"512,034,000"
14-Apr-17,72.61,73.54,68.54,70.77,15477900.00,"524,892,000"
13-Apr-17,68.1,76.26,65.76,72.57,29296100.00,"492,196,000"
12-Apr-17,60.71,68.48,59.15,68,21914300.00,"438,679,000"
11-Apr-17,61.3,62.5,59.23,60.53,12016500.00,"442,808,000"
10-Apr-17,64.73,65.4,60.06,61.31,12222700.00,"467,460,000"
9-Apr-17,67.8,68.29,64.55,64.7,8535590.00,"489,452,000"
8-Apr-17,66.08,68.89,65.5,67.75,10316300.00,"476,916,000"
7-Apr-17,66.47,69.96,64.11,66.19,13046400.00,"479,637,000"
6-Apr-17,74.45,74.45,64.28,66.53,21464900.00,"537,046,000"
5-Apr-17,69.12,77.6,66.35,74.37,31084000.00,"498,097,000"
4-Apr-17,63.42,71.84,57.89,69.07,33869600.00,"456,882,000"
3-Apr-17,56.73,65.87,47.1,61.76,42403200.00,"408,589,000"
2-Apr-17,68.26,71.2,54.95,57.07,26723500.00,"491,501,000"
1-Apr-17,74.3,74.3,66.85,68.6,17542100.00,"534,806,000"
31-Mar-17,79.51,81.75,67.66,74.91,37471500.00,"572,175,000"
30-Mar-17,84.42,84.75,77.54,79.61,26036700.00,"607,325,000"
29-Mar-17,87.82,88.04,83.12,84.4,18209000.00,"631,616,000"
28-Mar-17,84.28,90.63,80.93,87.89,24886900.00,"606,012,000"
27-Mar-17,93.63,93.98,78.89,85.66,45830500.00,"673,078,000"
26-Mar-17,94.31,95.58,91.66,93.63,20996100.00,"677,736,000"
25-Mar-17,96.98,99.42,91.47,94.33,23040200.00,"696,738,000"
24-Mar-17,101.58,108.86,94.87,97.27,33033000.00,"729,578,000"
23-Mar-17,101.26,103.43,98.97,101.43,15500100.00,"727,130,000"
22-Mar-17,95.68,111.16,89.47,101.51,46138100.00,"686,887,000"
21-Mar-17,99.91,104.21,90.85,95.38,40860300.00,"717,014,000"
20-Mar-17,108.16,110.66,99.53,100.05,25082500.00,"776,036,000"
19-Mar-17,107.55,113.92,98.71,108.23,44670100.00,"771,412,000"
18-Mar-17,101.04,120.52,95.06,109.24,74763700.00,"724,518,000"
17-Mar-17,89.56,100.04,81.95,99.14,44263600.00,"642,049,000"
16-Mar-17,95.42,99.21,80.53,89.81,54538700.00,"683,888,000"
15-Mar-17,89.06,101.76,85.78,95.09,68173100.00,"638,133,000"
14-Mar-17,74.61,91.39,73.37,88.24,37180000.00,"534,395,000"
13-Mar-17,76.96,81.03,70.36,74.61,36706700.00,"551,120,000"
12-Mar-17,72.71,80.79,65.98,77.08,46099200.00,"520,543,000"
11-Mar-17,50.4,74.11,50.15,72.93,55127200.00,"360,708,000"
10-Mar-17,51.09,54.72,47.23,50.42,24723800.00,"365,561,000"
9-Mar-17,42.24,53.38,41.65,51.06,21013500.00,"302,128,000"
8-Mar-17,45.55,45.6,42.15,42.33,7640390.00,"325,712,000"
7-Mar-17,46.57,46.92,44.14,45.68,9034640.00,"332,936,000"
6-Mar-17,42.22,47.33,42.22,46.5,12933400.00,"301,783,000"
5-Mar-17,43.14,44.82,39.68,42.31,12260100.00,"307,986,000"
4-Mar-17,47.17,48.81,43.35,43.38,14949600.00,"336,628,000"
3-Mar-17,44.04,51.4,38.54,47.38,33651400.00,"314,220,000"
2-Mar-17,42.47,58.9,37.3,42.44,72796200.00,"302,911,000"
1-Mar-17,32.62,46.75,32.33,42.54,31700200.00,"232,593,000"
28-Feb-17,28.24,33.38,27.95,32.51,10042800.00,"201,326,000"
27-Feb-17,28.1,28.64,27.47,28.18,4064580.00,"200,212,000"
26-Feb-17,26.67,28.23,25.44,28.11,4656680.00,"189,992,000"
25-Feb-17,26.23,27.11,23.61,26.76,7377240.00,"186,832,000"
24-Feb-17,25.05,29.38,23.79,26.2,10322700.00,"178,372,000"
23-Feb-17,22.09,25.23,22.09,25.22,4664780.00,"157,238,000"
22-Feb-17,21.24,22.19,20.99,22.12,2625710.00,"151,098,000"
21-Feb-17,21.6,22.1,20.45,21.25,4093200.00,"153,668,000"
20-Feb-17,22.6,22.94,21.24,21.59,4159380.00,"160,743,000"
19-Feb-17,21.46,23.73,21.44,22.55,5688120.00,"152,571,000"
18-Feb-17,20.05,21.53,20.05,21.41,3498460.00,"142,505,000"
17-Feb-17,19.47,20.15,19.19,20,1859180.00,"138,366,000"
16-Feb-17,19.64,19.81,19.14,19.52,2859140.00,"139,499,000"
15-Feb-17,18.1,19.66,17.7,19.63,3355410.00,"128,554,000"
14-Feb-17,16.85,18.37,16.8,18.15,1948330.00,"119,626,000"
13-Feb-17,16.88,17.05,16.63,16.88,1464030.00,"119,800,000"
12-Feb-17,17.15,17.15,16.83,16.91,1264080.00,"121,667,000"
11-Feb-17,16.69,17.22,16.6,17.15,1216530.00,"118,350,000"
10-Feb-17,16.58,16.89,15.84,16.67,1386930.00,"117,570,000"
9-Feb-17,17.34,17.6,15.69,16.58,1793860.00,"122,937,000"
8-Feb-17,17.14,17.4,16.85,17.35,1552640.00,"121,430,000"
7-Feb-17,17.11,17.51,17.04,17.14,1388260.00,"121,211,000"
6-Feb-17,17.07,17.24,16.7,17.12,1025680.00,"120,894,000"
5-Feb-17,17.54,17.67,16.84,17.06,1905980.00,"124,154,000"
4-Feb-17,17.55,17.74,17.28,17.62,1598070.00,"124,173,000"
3-Feb-17,16.31,17.61,16.31,17.52,1818910.00,"115,306,000"
2-Feb-17,15.98,16.41,15.85,16.31,1350760.00,"112,934,000"
1-Feb-17,16.05,16.24,15.65,16.03,2139000.00,"113,338,000"
31-Jan-17,15.93,16.22,15.78,16.07,1384500.00,"112,498,000"
30-Jan-17,15.5,16.03,15.5,15.96,2046270.00,"109,407,000"
29-Jan-17,15.26,15.65,15.17,15.51,1363910.00,"107,705,000"
28-Jan-17,15.33,15.36,15.07,15.27,1333010.00,"108,155,000"
27-Jan-17,15.06,15.41,14.99,15.34,1303190.00,"106,228,000"
26-Jan-17,14.49,15.05,14.43,15.04,1348170.00,"102,158,000"
25-Jan-17,14.1,14.61,13.9,14.51,1656580.00,"99,366,700"
24-Jan-17,15.11,15.11,13.91,14.09,2694720.00,"106,493,000"
23-Jan-17,15.13,15.32,14.99,15.19,1553800.00,"106,549,000"
22-Jan-17,15,15.52,14.96,15.11,1918440.00,"105,622,000"
21-Jan-17,15.19,15.37,14.83,14.97,1958960.00,"106,916,000"
20-Jan-17,15.14,15.48,14.83,15.16,2021010.00,"106,564,000"
19-Jan-17,14.12,15.28,14.12,15.18,2170870.00,"99,371,100"
18-Jan-17,14.25,14.3,13.48,14.06,1510760.00,"100,228,000"
17-Jan-17,12.92,14.41,12.91,14.25,1810660.00,"90,828,600"
16-Jan-17,12.37,13.08,12.04,12.94,3715630.00,"86,960,200"
15-Jan-17,12.08,12.55,12.02,12.39,4362180.00,"84,869,100"
14-Jan-17,12.59,12.66,12,12.08,7960870.00,"88,482,900"
13-Jan-17,12.21,12.66,11.5,12.59,8400930.00,"85,789,600"
12-Jan-17,11.29,12.53,11.05,12.22,8272830.00,"79,295,200"
11-Jan-17,12.47,12.8,10.83,11.3,3100210.00,"87,501,500"
10-Jan-17,12.02,12.65,11.98,12.49,1391630.00,"84,366,800"
9-Jan-17,12.57,12.6,12.03,12.09,2365630.00,"88,154,300"
8-Jan-17,12.42,13.12,12.19,12.54,3118970.00,"87,104,800"
7-Jan-17,11.96,12.59,11.39,12.44,2542530.00,"83,814,000"
6-Jan-17,14.42,14.87,11.87,12.03,2262740.00,"101,082,000"
5-Jan-17,16.58,17.11,12.94,14.38,2579450.00,"116,187,000"
4-Jan-17,12.81,16.96,12.75,16.52,4901250.00,"89,664,000"
3-Jan-17,11.81,13.05,11.81,12.78,3846520.00,"82,603,400"
2-Jan-17,11.27,11.96,11.24,11.81,3800380.00,"78,789,700"
1-Jan-17,11.21,11.49,10.96,11.23,3684210.00,"78,350,600"
31-Dec-16,11.14,11.33,10.93,11.21,3468330.00,"77,833,900"
30-Dec-16,10.83,11.44,10.72,11.11,4445310.00,"75,640,100"
29-Dec-16,10.05,11.05,10.01,10.85,3237930.00,"70,227,400"
28-Dec-16,9.73,10.36,9.72,10.07,2490150.00,"67,916,000"
27-Dec-16,9.72,9.91,9.45,9.74,2285700.00,"67,846,400"
26-Dec-16,9.98,10.17,9.7,9.7,2106310.00,"69,653,100"
25-Dec-16,9.82,10.17,9.78,10.01,2578850.00,"68,476,200"
24-Dec-16,9.59,10.02,9.59,9.83,2686220.00,"66,873,600"
23-Dec-16,9.77,9.9,9.24,9.56,2883150.00,"68,143,200"
22-Dec-16,9.84,9.93,9.21,9.79,2611390.00,"68,569,100"
21-Dec-16,10.23,10.27,9.78,9.81,2189580.00,"71,265,200"
20-Dec-16,10.33,10.51,10.22,10.22,2236060.00,"71,983,000"
19-Dec-16,9.88,10.53,9.87,10.32,2089000.00,"68,822,100"
18-Dec-16,9.72,9.94,9.64,9.89,1935260.00,"67,675,800"
17-Dec-16,9.87,9.91,9.39,9.74,1964650.00,"68,667,100"
16-Dec-16,9.29,9.98,9.17,9.89,1951350.00,"64,662,300"
15-Dec-16,9.18,9.39,9.08,9.3,1999050.00,"63,821,200"
14-Dec-16,9.4,9.42,9.1,9.16,1416530.00,"65,366,300"
13-Dec-16,9.07,9.43,9.05,9.39,971378.00,"63,064,100"
12-Dec-16,9.52,9.66,9.07,9.1,1054770.00,"66,123,200"
11-Dec-16,8.88,9.59,8.78,9.54,1065390.00,"61,671,200"
10-Dec-16,8.84,8.93,8.81,8.88,781253.00,"61,391,600"
9-Dec-16,8.75,8.85,8.72,8.83,870014.00,"60,752,100"
8-Dec-16,8.69,8.79,8.66,8.75,713673.00,"60,292,700"
7-Dec-16,8.78,8.82,8.66,8.68,787296.00,"60,880,100"
6-Dec-16,8.56,8.81,8.49,8.8,1016800.00,"59,386,400"
5-Dec-16,8.8,8.9,8.48,8.56,979175.00,"61,042,900"
4-Dec-16,8.87,9.01,8.66,8.82,889416.00,"61,445,900"
3-Dec-16,8.64,8.92,8.61,8.88,939632.00,"59,770,500"
2-Dec-16,8.75,8.86,8.61,8.66,823934.00,"60,538,100"
1-Dec-16,8.91,8.94,8.7,8.74,672328.00,"61,634,000"
30-Nov-16,8.82,8.95,8.75,8.91,605542.00,"61,023,300"
29-Nov-16,8.96,9.05,8.62,8.82,1402230.00,"61,963,800"
28-Nov-16,9.07,9.14,8.95,8.96,848792.00,"62,666,300"
27-Nov-16,8.9,9.17,8.89,9.09,1058670.00,"61,471,600"
26-Nov-16,9.11,9.13,8.79,8.9,947235.00,"62,900,600"
25-Nov-16,9.14,9.18,8.76,9.1,1170070.00,"63,117,400"
24-Nov-16,8.44,9.14,8.34,9.13,929254.00,"58,260,600"
23-Nov-16,8.67,8.73,8.47,8.51,798355.00,"59,792,300"
22-Nov-16,8.58,8.84,8.55,8.63,822084.00,"59,180,400"
21-Nov-16,8.49,8.62,8.41,8.58,685102.00,"58,578,200"
20-Nov-16,8.5,8.61,8.32,8.51,837398.00,"58,585,000"
19-Nov-16,8.96,8.97,8.42,8.48,1120590.00,"61,722,700"
18-Nov-16,9.02,9.11,8.79,8.95,867850.00,"62,179,200"
17-Nov-16,9.44,9.46,9.01,9.02,1037810.00,"65,038,700"
16-Nov-16,9.64,9.67,9.1,9.45,850986.00,"66,347,900"
15-Nov-16,9.7,9.73,9.5,9.64,899729.00,"66,754,800"
14-Nov-16,9.54,9.74,9.45,9.68,619525.00,"65,630,600"
13-Nov-16,9.63,9.72,9.4,9.49,828714.00,"66,259,100"
12-Nov-16,9.69,9.86,9.56,9.64,1066110.00,"66,632,200"
11-Nov-16,9.65,9.74,9.51,9.67,978517.00,"66,375,200"
10-Nov-16,9.67,9.76,9.53,9.67,621946.00,"66,481,100"
9-Nov-16,9.73,10,9.4,9.7,951744.00,"66,863,400"
8-Nov-16,9.88,10.49,9.7,9.76,1509000.00,"67,892,400"
7-Nov-16,9.4,9.92,9.27,9.92,1597080.00,"64,568,400"
6-Nov-16,9.21,9.48,9.13,9.4,1174590.00,"63,217,900"
5-Nov-16,9.12,9.26,9.05,9.21,764091.00,"62,557,700"
4-Nov-16,9.13,9.29,8.96,9.13,1315030.00,"62,569,800"
3-Nov-16,8.99,9.44,8.79,9.12,1443680.00,"61,580,500"
2-Nov-16,9.01,9.36,8.8,8.94,1234770.00,"61,677,200"
1-Nov-16,9.21,9.34,8.65,9.04,1334790.00,"63,075,600"
31-Oct-16,9.68,9.9,9.05,9.2,1001140.00,"66,226,100"
30-Oct-16,8.63,9.72,8.63,9.67,1180810.00,"59,059,600"
29-Oct-16,9.07,9.36,8.05,8.61,1459460.00,"62,012,400"
28-Oct-16,9.72,9.73,9.05,9.07,1102490.00,"66,491,500"
27-Oct-16,9.32,9.91,9.14,9.71,1527680.00,"63,723,300"
26-Oct-16,9.39,9.55,8.95,9.34,1507430.00,"64,195,800"
25-Oct-16,9.86,10,9.08,9.41,1147660.00,"67,345,800"
24-Oct-16,9.96,10.16,9.77,9.85,1138230.00,"68,050,400"
23-Oct-16,10.37,10.47,9.95,9.96,1071280.00,"70,799,500"
22-Oct-16,10.77,10.78,10.26,10.36,1057070.00,"73,483,300"
21-Oct-16,10.55,10.87,10.46,10.77,1101460.00,"71,970,700"
20-Oct-16,10.3,10.78,10.24,10.5,1118960.00,"70,293,600"
19-Oct-16,10.2,10.46,10.13,10.29,623278.00,"69,574,100"
18-Oct-16,10.62,10.62,9.97,10.21,622564.00,"72,371,800"
17-Oct-16,10.84,10.88,10.52,10.62,501778.00,"73,893,100"
16-Oct-16,11.1,11.29,10.85,10.85,421644.00,"75,628,100"
15-Oct-16,11.52,11.63,11.05,11.1,421471.00,"78,467,700"
14-Oct-16,11.44,11.68,11.41,11.53,434177.00,"77,899,700"
13-Oct-16,11.43,11.67,11.39,11.44,351218.00,"77,803,800"
12-Oct-16,11.74,11.97,11.33,11.43,535850.00,"79,911,200"
11-Oct-16,11.69,11.84,11.48,11.73,616754.00,"79,511,500"
10-Oct-16,11.59,11.76,11.57,11.69,342278.00,"78,807,400"
9-Oct-16,11.73,11.86,11.59,11.59,389417.00,"79,726,300"
8-Oct-16,11.88,11.99,11.65,11.72,362282.00,"80,713,900"
7-Oct-16,12.05,12.13,11.75,11.87,540185.00,"81,894,000"
6-Oct-16,12.05,12.26,12,12.06,572725.00,"81,854,800"
5-Oct-16,12.05,12.06,11.83,12.03,459125.00,"81,727,600"
4-Oct-16,11.88,12.06,11.7,12.06,428041.00,"80,553,000"
3-Oct-16,11.79,12.27,11.78,11.89,485966.00,"79,945,400"
2-Oct-16,11.71,11.97,11.64,11.78,418786.00,"79,364,000"
1-Oct-16,12.1,12.11,11.67,11.71,599642.00,"81,946,600"
30-Sep-16,12.04,12.25,11.74,12.1,624527.00,"81,564,000"
29-Sep-16,11.59,12.15,11.58,12.01,627955.00,"78,432,900"
28-Sep-16,11.64,11.64,11.47,11.59,380292.00,"78,749,100"
27-Sep-16,11.41,11.64,11.38,11.64,437637.00,"77,160,600"
26-Sep-16,11.56,11.61,11.3,11.41,466947.00,"78,189,900"
25-Sep-16,11.52,11.66,11.46,11.55,293042.00,"77,913,600"
24-Sep-16,11.55,11.6,11.43,11.53,248501.00,"78,052,900"
23-Sep-16,11.52,11.7,11.4,11.54,346538.00,"77,854,100"
22-Sep-16,11.54,11.7,11.32,11.54,462190.00,"77,970,700"
21-Sep-16,11.47,11.72,11.17,11.53,639852.00,"77,453,300"
20-Sep-16,11.52,11.58,11.23,11.41,447288.00,"77,743,400"
19-Sep-16,11.68,11.75,11.35,11.54,548366.00,"78,808,400"
18-Sep-16,11.77,11.85,11.61,11.64,378121.00,"79,397,100"
17-Sep-16,11.72,11.93,11.54,11.78,385226.00,"79,017,600"
16-Sep-16,12.21,12.27,11.64,11.72,519023.00,"82,343,700"
15-Sep-16,12.74,12.74,12.14,12.21,592210.00,"85,882,800"
14-Sep-16,13,13,12.36,12.71,683059.00,"87,620,200"
13-Sep-16,12.31,13,12.1,13,775508.00,"82,919,500"
12-Sep-16,11.16,12.82,11.1,12.26,1357900.00,"75,150,600"
11-Sep-16,11.42,11.62,10.96,11.14,583102.00,"76,892,700"
10-Sep-16,11.2,11.47,11.01,11.42,748265.00,"75,337,800"
9-Sep-16,11.68,11.68,11.14,11.22,453318.00,"78,568,100"
8-Sep-16,11.28,11.69,11.24,11.69,637683.00,"75,879,400"
7-Sep-16,10.94,11.4,10.83,11.28,669651.00,"73,555,700"
6-Sep-16,11.27,11.36,10.92,10.92,532044.00,"75,719,300"
5-Sep-16,11.36,11.69,11.13,11.27,639547.00,"76,235,500"
4-Sep-16,11.36,11.56,10.72,11.39,966253.00,"76,192,100"
3-Sep-16,11.37,11.54,10.85,11.45,1215250.00,"76,249,000"
2-Sep-16,11.46,11.55,11.33,11.36,790593.00,"76,804,400"
1-Sep-16,11.89,11.93,11.37,11.45,651970.00,"79,693,100"
31-Aug-16,11.77,12.2,11.45,11.89,961216.00,"78,856,900"
30-Aug-16,11.65,11.9,11.43,11.77,761521.00,"78,030,000"
29-Aug-16,12.36,12.79,10.91,11.68,1761660.00,"82,747,200"
28-Aug-16,12.59,12.8,12.19,12.42,932715.00,"84,279,100"
27-Aug-16,12.75,12.86,12.33,12.57,2547960.00,"85,354,600"
26-Aug-16,12.29,12.86,11.96,12.74,736721.00,"82,202,600"
25-Aug-16,13.31,13.45,12.3,12.31,935742.00,"89,033,500"
24-Aug-16,13.49,13.62,12.95,13.28,797964.00,"90,187,900"
23-Aug-16,14.35,14.35,12.63,13.42,1404690.00,"95,908,200"
22-Aug-16,13.41,14.45,13.41,14.21,1409370.00,"89,571,100"
21-Aug-16,13.09,13.69,12.97,13.41,1177950.00,"87,463,500"
20-Aug-16,13.75,14.09,12.93,13.1,1451660.00,"91,807,800"
19-Aug-16,13.83,14.83,13.3,13.78,2879380.00,"92,310,700"
18-Aug-16,12.45,14.18,12.45,13.86,2019880.00,"83,107,600"
17-Aug-16,12.91,13.05,12.25,12.55,1054880.00,"86,139,000"
16-Aug-16,13.23,13.32,11.48,12.87,2724180.00,"88,224,700"
15-Aug-16,14.52,14.94,12.6,13.3,3240540.00,"96,808,800"
14-Aug-16,12.82,15.05,12.74,14.48,3708120.00,"85,451,600"
13-Aug-16,12.56,13.61,12.09,12.91,1847650.00,"83,697,900"
12-Aug-16,11.09,12.86,10.77,12.59,2030400.00,"73,849,400"
11-Aug-16,10.44,11.22,10.4,11.08,534511.00,"69,495,500"
10-Aug-16,10.32,10.51,10.23,10.44,357513.00,"68,670,400"
9-Aug-16,10.35,10.56,10.29,10.3,365466.00,"68,887,400"
8-Aug-16,10.34,10.51,10.1,10.38,453814.00,"68,797,400"
7-Aug-16,10.59,10.65,10.13,10.35,458848.00,"70,393,200"
6-Aug-16,9.71,10.71,9.69,10.55,638130.00,"64,524,400"
5-Aug-16,9.53,9.83,9.45,9.72,284062.00,"63,292,400"
4-Aug-16,9.32,9.55,9.21,9.53,413348.00,"61,830,600"
3-Aug-16,9.29,9.64,9.11,9.33,719797.00,"61,646,200"
2-Aug-16,10.02,10.24,9.06,9.16,1182910.00,"66,476,200"
1-Aug-16,9.45,10.48,9.45,9.9,1088710.00,"62,649,200"
31-Jul-16,9.18,9.57,9,9.51,318887.00,"60,871,400"
30-Jul-16,9.45,9.48,9.19,9.22,275617.00,"62,575,400"
29-Jul-16,9.32,9.47,9.3,9.46,212714.00,"61,710,300"
28-Jul-16,9.15,9.35,9.15,9.31,237187.00,"60,591,800"
27-Jul-16,8.9,9.33,8.77,9.15,378749.00,"58,881,400"
26-Jul-16,9.15,9.21,8.63,8.86,531920.00,"60,513,500"
25-Jul-16,9.24,9.27,8.99,9.13,314414.00,"61,086,400"
24-Jul-16,9.36,9.78,9.21,9.21,370757.00,"61,901,200"
23-Jul-16,9.27,9.47,9.07,9.31,435897.00,"61,282,500"
22-Jul-16,8.95,9.55,8.89,9.25,867493.00,"59,167,400"
21-Jul-16,8.43,9.06,8.32,8.96,435825.00,"55,692,500"
20-Jul-16,8.53,8.57,8.31,8.44,287009.00,"56,317,100"
19-Jul-16,8.22,8.57,8.18,8.5,410793.00,"54,269,700"
18-Jul-16,8.15,8.29,8.1,8.22,273466.00,"53,774,400"
17-Jul-16,8.25,8.33,8.06,8.12,248488.00,"54,402,400"
16-Jul-16,8.09,8.34,8.06,8.26,284036.00,"53,338,100"
15-Jul-16,7.73,8.34,7.69,8.09,365346.00,"50,959,600"
14-Jul-16,7.86,7.91,7.7,7.75,194024.00,"51,797,100"
13-Jul-16,7.86,7.97,7.72,7.84,289681.00,"51,798,100"
12-Jul-16,7.97,8.26,7.82,7.84,474628.00,"52,526,000"
11-Jul-16,7.44,8.05,7.41,7.96,672593.00,"48,979,600"
10-Jul-16,7.35,7.49,7.3,7.42,268877.00,"48,381,600"
9-Jul-16,7.47,7.47,7.01,7.36,268561.00,"49,132,300"
8-Jul-16,6.98,7.48,6.95,7.45,314761.00,"45,903,300"
7-Jul-16,6.98,7.19,6.77,7.03,425808.00,"45,914,000"
6-Jul-16,6.94,7.13,6.9,6.98,243442.00,"45,565,800"
5-Jul-16,7.09,7.09,6.83,6.99,237373.00,"46,521,100"
4-Jul-16,7.02,7.24,6.91,7.08,189054.00,"46,064,500"
3-Jul-16,7.19,7.31,6.99,7.01,259776.00,"47,136,900"
2-Jul-16,7.23,7.43,7.09,7.18,279444.00,"47,384,100"
1-Jul-16,7.13,7.39,7.11,7.24,251575.00,"46,722,200"
30-Jun-16,6.99,7.24,6.94,7.13,331408.00,"45,834,900"
29-Jun-16,6.92,7.05,6.86,6.99,255225.00,"45,323,300"
28-Jun-16,7.06,7.16,6.88,6.91,286458.00,"46,253,800"
27-Jun-16,6.78,7.04,6.68,7.01,264512.00,"44,373,000"
26-Jun-16,6.86,7.18,6.72,6.78,275629.00,"44,928,500"
25-Jun-16,7.11,7.25,6.65,6.86,463260.00,"46,535,500"
24-Jun-16,7.24,7.64,6.88,7.13,552216.00,"47,338,400"
23-Jun-16,7.38,7.51,6.91,7.24,425205.00,"48,274,600"
22-Jun-16,7.75,8.02,7.29,7.34,552499.00,"50,640,100"
21-Jun-16,8.27,8.42,7.64,7.78,568810.00,"54,017,900"
20-Jun-16,7.99,8.31,7.9,8.29,572251.00,"52,181,400"
19-Jun-16,8.16,8.32,7.94,7.99,556704.00,"53,314,500"
18-Jun-16,8.36,8.62,8.05,8.16,448647.00,"54,565,000"
17-Jun-16,8.66,8.91,8.1,8.36,545419.00,"56,515,800"
16-Jun-16,8.16,8.68,8.16,8.59,368946.00,"53,254,500"
15-Jun-16,8.2,8.58,8,8.14,491191.00,"53,485,800"
14-Jun-16,7.71,8.41,7.63,8.2,584298.00,"50,283,500"
13-Jun-16,7.65,7.99,7.46,7.72,600793.00,"49,887,200"
12-Jun-16,7.93,8.03,7.48,7.66,897877.00,"51,676,400"
11-Jun-16,7.83,7.95,7.61,7.9,475115.00,"50,999,700"
10-Jun-16,7.79,8.12,7.78,7.84,475334.00,"50,749,400"
9-Jun-16,7.88,7.94,7.72,7.82,303753.00,"51,262,200"
8-Jun-16,7.93,8.04,7.68,7.88,272918.00,"51,607,300"
7-Jun-16,7.77,8.01,7.68,7.91,339881.00,"50,576,500"
6-Jun-16,7.59,7.86,7.58,7.77,302748.00,"49,284,900"
5-Jun-16,8.04,8.17,7.58,7.58,537053.00,"52,188,400"
4-Jun-16,8.06,8.2,7.85,8.05,445286.00,"52,311,100"
3-Jun-16,8.12,8.31,7.78,8.06,447007.00,"52,712,500"
2-Jun-16,8.23,8.24,7.93,8.1,318685.00,"53,381,300"
1-Jun-16,8.18,8.37,8.08,8.26,320823.00,"53,022,100"
31-May-16,8.19,8.39,7.99,8.18,341324.00,"53,077,100"
30-May-16,8.19,8.36,8.12,8.2,212989.00,"53,108,400"
29-May-16,7.85,8.53,7.76,8.19,400555.00,"50,832,500"
28-May-16,7.47,7.94,7.41,7.85,367974.00,"48,377,400"
27-May-16,7.42,7.56,7.08,7.5,414196.00,"48,036,000"
26-May-16,7.62,7.71,7.34,7.39,206517.00,"49,323,000"
25-May-16,7.75,7.86,7.46,7.61,310684.00,"50,146,500"
24-May-16,8.09,8.19,7.72,7.76,312203.00,"52,305,900"
23-May-16,8.06,8.17,7.92,8.1,228942.00,"52,138,500"
22-May-16,8.27,8.32,8.03,8.1,308676.00,"53,437,600"
21-May-16,7.95,8.4,7.76,8.24,362889.00,"51,377,400"
20-May-16,7.67,8.68,7.66,7.95,630261.00,"49,545,300"
19-May-16,7.39,7.81,7.35,7.7,390961.00,"47,690,800"
18-May-16,7.4,7.43,7.27,7.39,232479.00,"47,795,000"
17-May-16,7.27,7.41,7.22,7.41,233869.00,"46,923,900"
16-May-16,7.02,7.73,7.01,7.27,624372.00,"45,260,900"
15-May-16,6.95,7.07,6.86,7,163629.00,"44,791,400"
14-May-16,6.95,6.99,6.79,6.95,215702.00,"44,780,500"
13-May-16,6.8,6.98,6.7,6.97,282706.00,"43,815,200"
12-May-16,6.76,6.84,6.61,6.78,224735.00,"43,524,000"
11-May-16,6.82,6.84,6.65,6.76,214337.00,"43,892,000"
10-May-16,6.59,6.81,6.52,6.79,275287.00,"42,439,700"
9-May-16,6.68,6.69,6.55,6.59,172995.00,"42,968,300"
8-May-16,6.58,6.77,6.55,6.69,164290.00,"42,348,300"
7-May-16,6.75,6.78,6.53,6.58,254392.00,"43,408,500"
6-May-16,6.82,6.84,6.67,6.77,215622.00,"43,824,200"
5-May-16,6.84,6.88,6.74,6.82,186158.00,"43,921,600"
4-May-16,6.79,6.9,6.76,6.84,196202.00,"43,558,700"
3-May-16,6.8,6.88,6.75,6.8,180138.00,"43,619,700"
2-May-16,6.79,6.87,6.64,6.83,265828.00,"43,546,600"
1-May-16,6.82,6.87,6.69,6.79,229207.00,"43,733,100"
30-Apr-16,6.62,6.86,6.56,6.83,293789.00,"42,428,700"
29-Apr-16,6.46,6.67,6.32,6.6,281894.00,"41,360,700"
28-Apr-16,6.33,6.56,6.25,6.46,224846.00,"40,567,700"
27-Apr-16,6.1,6.62,5.95,6.28,422258.00,"39,041,800"
26-Apr-16,6.21,6.24,5.81,6.08,249141.00,"39,730,900"
25-Apr-16,6.43,6.43,6.13,6.17,269831.00,"41,150,900"
24-Apr-16,6.5,6.61,6.37,6.44,236604.00,"41,556,400"
23-Apr-16,6.28,6.52,6.18,6.51,241922.00,"40,127,700"
22-Apr-16,6.22,6.38,6.09,6.28,239961.00,"39,777,400"
21-Apr-16,6.35,6.42,6.19,6.19,187613.00,"40,558,500"
20-Apr-16,6.4,6.52,6.31,6.35,247651.00,"40,880,000"
19-Apr-16,6.24,6.44,6.21,6.39,204854.00,"39,811,000"
18-Apr-16,6.36,6.41,6.07,6.23,211282.00,"40,579,000"
17-Apr-16,6.31,6.45,6.23,6.4,206734.00,"40,252,900"
16-Apr-16,6.02,6.43,5.97,6.3,287896.00,"38,397,000"
15-Apr-16,6.42,6.42,5.98,6.03,303991.00,"40,914,100"
14-Apr-16,6.51,6.53,6.34,6.41,218510.00,"41,460,300"
13-Apr-16,6.5,6.56,6.4,6.51,223697.00,"41,411,000"
12-Apr-16,6.36,6.58,6.3,6.5,334270.00,"40,479,000"
11-Apr-16,6.51,6.63,6.3,6.35,230475.00,"41,432,300"
10-Apr-16,6.68,6.89,6.12,6.54,874074.00,"42,484,800"
9-Apr-16,6.98,6.99,6.28,6.68,490236.00,"44,418,900"
8-Apr-16,6.88,7.08,6.88,6.99,218748.00,"43,766,400"
7-Apr-16,7.02,7.1,6.9,6.9,174662.00,"44,628,000"
6-Apr-16,7.06,7.17,7,7.02,189714.00,"44,799,200"
5-Apr-16,6.97,7.37,6.97,7.07,420016.00,"44,231,400"
4-Apr-16,7,7.05,6.88,6.96,141900.00,"44,373,200"
3-Apr-16,7.05,7.13,6.65,7,351429.00,"44,718,800"
2-Apr-16,7.12,7.21,7.04,7.05,157191.00,"45,096,900"
1-Apr-16,6.9,7.1,6.71,7.07,189159.00,"43,693,200"
31-Mar-16,6.78,6.98,6.78,6.88,220521.00,"42,907,900"
30-Mar-16,7.09,7.11,6.76,6.78,280500.00,"44,853,600"
29-Mar-16,7.06,7.18,6.88,7.08,268689.00,"44,656,600"
28-Mar-16,7.05,7.37,6.53,7.06,577452.00,"44,584,400"
27-Mar-16,7.21,7.32,6.82,7.05,441517.00,"45,577,300"
26-Mar-16,7.44,7.44,7.03,7.21,362976.00,"47,037,100"
25-Mar-16,6.66,7.53,6.59,7.44,878166.00,"42,063,300"
24-Mar-16,6.67,6.69,6.28,6.66,461165.00,"42,140,700"
23-Mar-16,6.1,6.61,6.02,6.59,532087.00,"38,489,700"
22-Mar-16,5.97,6.25,5.91,6.09,287782.00,"37,671,000"
21-Mar-16,6.12,6.46,6.01,6.01,398501.00,"38,624,800"
20-Mar-16,5.77,6.14,5.77,6.12,220354.00,"36,389,900"
19-Mar-16,5.94,6.12,5.78,5.99,261243.00,"37,472,700"
18-Mar-16,5.98,6.17,5.66,5.95,301156.00,"37,683,500"
17-Mar-16,6.33,6.44,5.64,5.98,595131.00,"39,879,100"
16-Mar-16,5.86,6.56,5.77,6.33,953870.00,"36,885,300"
15-Mar-16,5.53,5.92,5.36,5.84,310793.00,"34,795,400"
14-Mar-16,5.68,5.99,5.42,5.54,395433.00,"35,742,700"
13-Mar-16,5.35,6.03,5.31,5.68,738440.00,"33,630,800"
12-Mar-16,5.19,5.39,4.96,5.31,313635.00,"32,617,000"
11-Mar-16,4.93,5.36,4.88,5.15,342455.00,"30,996,500"
10-Mar-16,4.57,5.3,4.49,4.92,476033.00,"28,738,100"
9-Mar-16,4.62,4.71,4.51,4.57,200317.00,"29,000,600"
8-Mar-16,4.29,4.61,4.19,4.6,250496.00,"26,925,200"
7-Mar-16,4.58,4.73,4.3,4.3,305007.00,"28,727,400"
6-Mar-16,4.92,5.14,4.58,4.58,487244.00,"30,831,500"
5-Mar-16,4.62,5.38,4.53,4.87,590483.00,"28,949,900"
4-Mar-16,4.63,5.13,4.35,4.63,657278.00,"29,006,700"
3-Mar-16,3.88,4.84,3.82,4.71,505229.00,"24,286,300"
2-Mar-16,3.9,4.01,3.86,3.88,126503.00,"24,404,300"
1-Mar-16,3.92,4.04,3.81,3.9,195998.00,"24,506,800"
29-Feb-16,4,4.03,3.88,3.92,140688.00,"25,026,700"
28-Feb-16,4.08,4.09,3.94,4,150601.00,"25,488,700"
27-Feb-16,3.98,4.09,3.91,4.08,113700.00,"24,850,600"
26-Feb-16,3.93,4.01,3.82,3.97,77086.00,"24,550,400"
25-Feb-16,4.02,4.04,3.81,3.91,125778.00,"25,097,700"
24-Feb-16,3.8,4.09,3.72,4.02,120323.00,"23,708,800"
23-Feb-16,4.11,4.23,3.74,3.8,214434.00,"25,662,900"
22-Feb-16,4,4.27,3.93,4.2,185000.00,"24,945,400"
21-Feb-16,3.63,4.2,3.6,4,165716.00,"22,636,600"
20-Feb-16,3.51,3.69,3.51,3.64,91429.00,"21,876,300"
19-Feb-16,3.54,3.75,3.47,3.51,120692.00,"22,081,300"
18-Feb-16,3.69,3.77,3.13,3.53,247042.00,"22,963,300"
17-Feb-16,3.47,3.82,3.44,3.68,150307.00,"21,632,400"
16-Feb-16,3.78,4.02,3.48,3.48,180945.00,"23,519,100"
15-Feb-16,3.8,4.17,3.74,3.78,112454.00,"23,666,400"
14-Feb-16,3.8,3.92,3.75,3.8,60426.00,"23,641,000"
13-Feb-16,3.79,3.89,3.57,3.77,120917.00,"23,573,000"
12-Feb-16,3.26,4.04,3.26,3.79,182601.00,"20,278,400"
11-Feb-16,3.78,3.91,3.19,3.26,243649.00,"23,519,900"
10-Feb-16,3.97,4.17,3.78,3.84,193410.00,"24,665,700"
9-Feb-16,4.16,4.19,3.95,3.97,164368.00,"25,846,400"
8-Feb-16,4.18,4.31,4.11,4.16,70569.00,"25,946,900"
7-Feb-16,4.21,4.38,4.14,4.21,108239.00,"26,116,700"
6-Feb-16,4.32,4.32,4.15,4.19,70855.00,"26,780,100"
5-Feb-16,4.29,4.38,4.23,4.28,56705.00,"26,596,100"
4-Feb-16,4.18,4.36,4.12,4.29,100963.00,"25,855,900"
3-Feb-16,4.1,9.34,4.01,4.18,85544.00,"25,379,300"
2-Feb-16,4.14,4.24,4.05,4.11,125829.00,"25,608,100"
1-Feb-16,4.11,4.23,4.01,4.12,61713.00,"25,394,100"
31-Jan-16,4.29,4.32,3.96,4.11,147359.00,"26,487,500"
30-Jan-16,4.39,4.44,4.11,4.29,136278.00,"27,139,800"
29-Jan-16,4.25,4.47,4.06,4.39,126718.00,"26,280,700"
28-Jan-16,4.19,4.37,4.02,4.22,185032.00,"25,868,300"
27-Jan-16,4.49,4.67,4.05,4.2,301964.00,"27,729,200"
26-Jan-16,3.98,4.69,3.88,4.52,298849.00,"24,566,900"
25-Jan-16,4.41,4.41,3.63,4.02,410300.00,"27,208,600"
24-Jan-16,4.51,4.82,4.14,4.4,320311.00,"27,786,800"
23-Jan-16,5.05,5.14,4.22,4.49,677578.00,"31,141,500"
22-Jan-16,5.22,6.29,4.73,5.13,1096190.00,"32,176,900"
21-Jan-16,4.76,5.15,4.52,5.15,289153.00,"29,292,200"
20-Jan-16,3.86,4.83,3.79,4.77,307278.00,"23,761,800"
19-Jan-16,4.4,4.54,3.87,3.87,277216.00,"27,082,100"
18-Jan-16,4.94,4.94,4.27,4.37,464263.00,"30,399,700"
17-Jan-16,3.88,5.19,3.76,4.95,560892.00,"23,866,800"
16-Jan-16,3.34,4.4,3.34,3.89,1878320.00,"20,501,100"
15-Jan-16,3.36,3.71,3.31,3.36,431794.00,"20,643,400"
14-Jan-16,3.1,3.58,3.09,3.4,176887.00,"19,024,300"
13-Jan-16,3.03,3.14,2.97,3.1,57266.00,"18,622,300"
12-Jan-16,3.17,3.17,2.92,3.03,130485.00,"19,455,500"
11-Jan-16,3.28,3.35,3.07,3.15,99815.00,"20,143,400"
10-Jan-16,3.18,3.29,2.83,3.29,167678.00,"19,514,900"
9-Jan-16,3.3,3.37,3.18,3.18,39174.00,"20,252,100"
8-Jan-16,3.41,3.42,3.26,3.31,76706.00,"20,905,100"
7-Jan-16,3.37,3.45,3.31,3.38,116373.00,"20,637,500"
6-Jan-16,3.33,3.4,3.29,3.38,34542.00,"20,334,100"
5-Jan-16,3.32,3.44,3.29,3.33,71861.00,"20,278,200"
4-Jan-16,3.25,3.35,3.24,3.32,65748.00,"19,882,500"
3-Jan-16,3.29,3.35,3.13,3.24,87155.00,"20,114,800"
2-Jan-16,3.38,3.43,3.24,3.28,62353.00,"20,638,600"
1-Jan-16,3.33,3.54,3.24,3.38,98317.00,"20,289,600"
31-Dec-15,3.52,3.61,3.08,3.27,191862.00,"21,459,700"
30-Dec-15,3.09,4.65,3.09,3.52,524544.00,"18,810,200"
29-Dec-15,3.03,3.09,2.92,3.09,141636.00,"18,461,600"
28-Dec-15,2.64,3.05,2.63,2.98,88281.00,"16,067,600"
27-Dec-15,2.73,2.73,2.6,2.65,37590.00,"16,651,400"
26-Dec-15,2.83,2.98,2.68,2.77,96357.00,"17,218,200"
25-Dec-15,2.77,2.94,2.72,2.83,99786.00,"16,851,000"
24-Dec-15,2.53,2.78,2.53,2.77,83730.00,"15,396,800"
23-Dec-15,2.55,2.6,2.48,2.53,51744.00,"15,506,300"
22-Dec-15,2.47,2.6,2.46,2.55,47646.00,"15,026,900"
21-Dec-15,2.5,2.51,2.41,2.47,43767.00,"15,164,400"
20-Dec-15,2.61,2.64,2.46,2.49,39518.00,"15,865,200"
19-Dec-15,2.65,2.69,2.58,2.61,27223.00,"16,074,600"
18-Dec-15,2.61,2.65,2.58,2.65,39821.00,"15,820,500"
17-Dec-15,2.69,2.69,2.57,2.61,40819.00,"16,298,400"
16-Dec-15,2.69,2.73,2.55,2.69,46530.00,"16,315,300"
15-Dec-15,2.69,2.76,2.64,2.68,58882.00,"16,273,500"
14-Dec-15,2.76,2.89,2.68,2.69,102466.00,"16,723,300"
13-Dec-15,2.59,2.75,2.54,2.73,67091.00,"15,679,300"
12-Dec-15,2.7,2.79,2.43,2.58,47864.00,"16,341,800"
11-Dec-15,2.44,2.71,2.44,2.69,46393.00,"14,761,700"
10-Dec-15,2.5,2.52,2.44,2.44,31690.00,"15,122,800"
9-Dec-15,2.41,2.7,2.37,2.51,121460.00,"14,595,600"
8-Dec-15,2.33,2.4,2.28,2.4,44093.00,"14,092,000"
7-Dec-15,2.33,2.38,2.29,2.33,40495.00,"14,054,100"
6-Dec-15,2.32,2.47,2.31,2.34,55270.00,"14,020,800"
5-Dec-15,2.35,2.44,2.29,2.32,61252.00,"14,172,200"
4-Dec-15,2.33,2.36,2.3,2.34,36114.00,"14,082,300"
3-Dec-15,2.19,2.4,2.19,2.34,77349.00,"13,181,700"
2-Dec-15,2.09,2.19,2.03,2.18,45288.00,"12,574,200"
1-Dec-15,2.17,2.18,2.05,2.08,37007.00,"13,063,600"
30-Nov-15,2.15,2.24,2.11,2.17,49178.00,"12,962,300"
29-Nov-15,2.08,2.17,2.07,2.15,26013.00,"12,539,800"
28-Nov-15,2.16,2.16,2.07,2.08,25565.00,"12,978,500"
27-Nov-15,2.18,2.23,2.13,2.16,32579.00,"13,139,500"
26-Nov-15,2.15,2.34,2.12,2.19,58542.00,"12,943,400"
25-Nov-15,2.08,2.16,2.05,2.15,23152.00,"12,497,100"
24-Nov-15,2.14,2.14,2.07,2.08,24757.00,"12,843,100"
23-Nov-15,2.08,2.16,2.05,2.14,31968.00,"12,524,900"
22-Nov-15,2.2,2.22,2.05,2.06,28487.00,"13,216,000"
21-Nov-15,2.23,2.25,2.16,2.2,26400.00,"13,370,600"
20-Nov-15,2.21,2.25,2.13,2.23,28463.00,"13,270,800"
19-Nov-15,2.36,2.36,2.21,2.21,48039.00,"14,143,100"
18-Nov-15,2.26,2.38,2.25,2.36,31679.00,"13,554,600"
17-Nov-15,2.32,2.38,2.22,2.26,59102.00,"13,923,500"
16-Nov-15,2.29,2.38,2.23,2.31,41181.00,"13,731,000"
15-Nov-15,2.38,2.44,2.29,2.31,39255.00,"14,240,200"
14-Nov-15,2.54,2.59,2.36,2.36,66693.00,"15,189,300"
13-Nov-15,2.52,2.6,2.39,2.53,60866.00,"15,103,600"
12-Nov-15,2.28,2.58,2.28,2.54,86587.00,"13,661,200"
11-Nov-15,2.42,2.48,2.14,2.29,96053.00,"14,461,800"
10-Nov-15,2.53,2.63,2.37,2.42,49166.00,"15,127,000"
9-Nov-15,2.54,2.6,2.43,2.53,76637.00,"15,153,000"
8-Nov-15,2.71,2.84,2.53,2.53,55256.00,"16,160,500"
7-Nov-15,2.73,2.84,2.62,2.71,65014.00,"16,269,600"
6-Nov-15,2.55,2.73,2.39,2.7,89250.00,"15,186,900"
5-Nov-15,2.61,2.82,2.25,2.53,131813.00,"15,540,600"
4-Nov-15,2.7,2.85,2.37,2.61,251429.00,"16,069,100"
3-Nov-15,2.61,2.91,2.54,2.69,138710.00,"15,537,000"
2-Nov-15,2.66,2.7,2.43,2.61,88803.00,"15,832,500"
1-Nov-15,2.31,2.78,2.26,2.66,79513.00,"13,720,200"
31-Oct-15,2.54,2.63,2.27,2.31,33529.00,"15,097,200"
30-Oct-15,2.41,2.73,2.37,2.54,118931.00,"14,289,400"
29-Oct-15,2.11,2.42,2.09,2.39,109579.00,"12,549,700"
28-Oct-15,2.12,2.22,2.1,2.14,62319.00,"12,593,200"
27-Oct-15,2.24,2.29,2.04,2.1,112810.00,"13,267,200"
26-Oct-15,2.18,2.24,2.12,2.24,40748.00,"12,895,600"
25-Oct-15,2.26,2.36,2.17,2.17,53908.00,"13,388,800"
24-Oct-15,2.32,2.34,2.16,2.24,69810.00,"13,762,700"
23-Oct-15,2.41,2.44,2.28,2.33,74068.00,"14,270,300"
22-Oct-15,2.28,2.43,2.25,2.41,77999.00,"13,485,100"
21-Oct-15,2.4,2.44,2.27,2.28,54704.00,"14,185,500"
20-Oct-15,2.34,2.44,2.34,2.41,46076.00,"13,844,300"
19-Oct-15,2.37,2.39,2.33,2.34,39396.00,"14,014,900"
18-Oct-15,2.44,2.45,2.33,2.37,21270.00,"14,424,600"
17-Oct-15,2.34,2.47,2.33,2.43,36100.00,"13,814,100"
16-Oct-15,2.25,2.39,2.24,2.34,40319.00,"13,268,900"
15-Oct-15,2.31,2.36,2.21,2.25,80585.00,"13,640,200"
14-Oct-15,2.36,2.4,2.32,2.32,53349.00,"13,900,100"
13-Oct-15,2.34,2.38,2.28,2.35,33118.00,"13,762,200"
12-Oct-15,2.37,2.39,2.29,2.34,22087.00,"13,966,900"
11-Oct-15,2.43,2.43,2.32,2.39,20054.00,"14,270,800"
10-Oct-15,2.36,2.43,2.33,2.43,18355.00,"13,871,000"
9-Oct-15,2.37,2.41,2.32,2.36,28997.00,"13,918,300"
8-Oct-15,2.4,2.43,2.35,2.38,39245.00,"14,109,600"
7-Oct-15,2.39,2.45,2.39,2.4,40949.00,"14,025,500"
6-Oct-15,2.34,2.39,2.32,2.39,23826.00,"13,696,700"
5-Oct-15,2.17,2.43,2.16,2.34,74426.00,"12,716,700"
4-Oct-15,2.17,2.18,2.13,2.17,41353.00,"12,688,900"
3-Oct-15,2.22,2.23,2.14,2.17,50128.00,"12,958,700"
2-Oct-15,2.29,2.32,2.21,2.22,49335.00,"13,376,200"
1-Oct-15,2.34,2.36,2.29,2.29,48612.00,"13,670,100"
30-Sep-15,2.34,2.37,2.34,2.34,36433.00,"13,670,400"
29-Sep-15,2.38,2.4,2.34,2.34,33688.00,"13,889,400"
28-Sep-15,2.37,2.42,2.35,2.38,45147.00,"13,788,900"
27-Sep-15,2.33,2.39,2.33,2.36,26485.00,"13,593,500"
26-Sep-15,2.46,2.46,2.33,2.33,45583.00,"14,288,400"
25-Sep-15,2.44,2.49,2.41,2.45,31730.00,"14,189,600"
24-Sep-15,2.43,2.48,2.38,2.44,36581.00,"14,100,900"
23-Sep-15,2.46,2.53,2.4,2.43,36011.00,"14,314,800"
22-Sep-15,2.36,2.5,2.36,2.46,42311.00,"13,687,600"
21-Sep-15,2.39,2.43,2.32,2.35,84512.00,"13,892,300"
20-Sep-15,2.36,2.59,2.29,2.39,88240.00,"13,694,700"
19-Sep-15,2.46,2.48,2.36,2.36,18461.00,"14,244,500"
18-Sep-15,2.37,2.47,2.35,2.46,36051.00,"13,726,400"
17-Sep-15,2.39,11.43,2.35,2.37,32167.00,"13,827,600"
16-Sep-15,2.32,2.4,2.3,2.37,68240.00,"13,447,900"
15-Sep-15,2.31,2.62,2.29,2.32,46640.00,"13,377,900"
14-Sep-15,2.33,2.35,2.27,2.31,57107.00,"13,491,500"
13-Sep-15,2.43,2.48,2.3,2.34,53764.00,"14,020,100"
12-Sep-15,2.38,2.46,2.35,2.43,37555.00,"13,774,200"
11-Sep-15,2.38,2.43,2.35,2.38,57649.00,"13,730,500"
10-Sep-15,2.44,2.48,2.33,2.38,46341.00,"14,060,100"
9-Sep-15,2.32,2.57,2.32,2.44,64860.00,"13,390,200"
8-Sep-15,2.37,2.41,2.2,2.33,90735.00,"13,624,600"
7-Sep-15,2.49,2.5,2.37,2.38,69592.00,"14,309,400"
6-Sep-15,2.51,2.56,2.47,2.49,28927.00,"14,404,900"
5-Sep-15,2.44,2.53,2.36,2.51,38313.00,"14,037,400"
4-Sep-15,2.48,2.5,2.42,2.45,60516.00,"14,265,700"
3-Sep-15,2.51,2.52,2.46,2.47,23020.00,"14,412,100"
2-Sep-15,2.54,2.55,2.5,2.51,60914.00,"14,589,500"
1-Sep-15,2.58,2.6,2.53,2.54,70243.00,"14,804,700"
31-Aug-15,2.56,2.59,2.52,2.58,74703.00,"14,678,500"
30-Aug-15,2.6,2.63,2.53,2.56,27911.00,"14,869,600"
29-Aug-15,2.6,2.62,2.55,2.6,39992.00,"14,899,700"
28-Aug-15,2.56,2.64,2.51,2.6,57595.00,"14,664,000"
27-Aug-15,2.61,2.63,2.54,2.56,37604.00,"14,942,900"
26-Aug-15,2.53,2.66,2.49,2.61,37719.00,"14,471,900"
25-Aug-15,2.37,2.56,2.24,2.53,69322.00,"13,506,000"
24-Aug-15,2.63,2.64,2.38,2.38,125485.00,"15,036,300"
23-Aug-15,2.68,2.72,2.62,2.64,30625.00,"15,274,500"
22-Aug-15,2.76,2.78,2.62,2.68,52550.00,"15,728,800"
21-Aug-15,2.78,2.8,2.74,2.76,49749.00,"15,813,000"
20-Aug-15,2.64,2.8,2.63,2.78,49346.00,"15,018,700"
19-Aug-15,2.6,2.78,2.58,2.64,74748.00,"14,812,700"
18-Aug-15,2.91,2.91,2.67,2.67,83076.00,"16,551,500"
17-Aug-15,2.95,3.12,2.91,2.91,80183.00,"16,739,200"
16-Aug-15,2.98,2.99,2.88,2.94,46752.00,"16,899,500"
15-Aug-15,3.02,3.06,2.96,2.98,37005.00,"17,164,800"
14-Aug-15,3.06,3.1,3.02,3.03,74860.00,"17,378,700"
13-Aug-15,3.05,3.07,3,3.06,66249.00,"17,319,800"
12-Aug-15,3.16,3.18,3.06,3.06,113443.00,"17,915,300"
11-Aug-15,3.08,3.16,3.06,3.16,73134.00,"17,437,300"
10-Aug-15,3.1,3.15,3.06,3.08,59702.00,"17,558,200"
9-Aug-15,3.08,3.2,3.08,3.11,77488.00,"17,418,300"
8-Aug-15,3.27,3.29,3.06,3.08,91264.00,"18,477,800"
7-Aug-15,3.51,3.52,3.23,3.26,229950.00,"19,848,100"
6-Aug-15,3.58,3.58,3.51,3.52,48908.00,"20,193,000"
5-Aug-15,3.64,3.67,3.57,3.58,55070.00,"20,547,800"
4-Aug-15,3.61,3.72,3.61,3.64,93372.00,"20,357,800"
3-Aug-15,3.62,3.67,3.56,3.61,56701.00,"20,399,000"
2-Aug-15,3.61,3.65,3.56,3.62,42888.00,"20,345,400"
1-Aug-15,3.68,3.7,3.52,3.61,63209.00,"20,694,700"
31-Jul-15,3.65,3.73,3.61,3.68,69967.00,"20,552,400"
30-Jul-15,3.64,3.7,3.6,3.64,49738.00,"20,455,500"
29-Jul-15,3.69,3.7,3.63,3.64,62902.00,"20,712,400"
28-Jul-15,3.75,3.83,3.69,3.69,99350.00,"21,080,800"
27-Jul-15,3.78,3.83,3.68,3.76,105583.00,"21,228,600"
26-Jul-15,3.75,3.85,3.69,3.78,100372.00,"21,014,500"
25-Jul-15,3.69,3.77,3.65,3.75,64293.00,"20,688,000"
24-Jul-15,3.59,3.71,3.5,3.69,129128.00,"20,106,000"
23-Jul-15,3.63,3.65,3.54,3.58,34491.00,"20,314,600"
22-Jul-15,3.6,3.65,3.57,3.63,50817.00,"20,147,800"
21-Jul-15,3.7,3.73,3.58,3.6,106480.00,"20,691,500"
20-Jul-15,3.62,3.72,3.61,3.69,73913.00,"20,257,500"
19-Jul-15,3.71,3.71,3.6,3.62,66114.00,"20,734,000"
18-Jul-15,3.76,3.99,3.67,3.71,140104.00,"20,996,900"
17-Jul-15,3.54,3.83,3.48,3.76,142970.00,"19,771,100"
16-Jul-15,3.64,3.76,3.49,3.53,87908.00,"20,331,600"
15-Jul-15,3.71,3.77,3.63,3.66,133041.00,"20,673,800"
14-Jul-15,3.75,3.83,3.72,3.72,71054.00,"20,864,500"
13-Jul-15,4.1,4.1,3.66,3.74,181667.00,"22,806,100"
12-Jul-15,3.84,4.25,3.83,4.1,136193.00,"21,381,100"
11-Jul-15,4.07,4.38,3.74,3.84,396245.00,"22,623,400"
10-Jul-15,3.11,4.24,3.08,4.05,607002.00,"17,282,600"
9-Jul-15,2.99,3.13,2.96,3.11,146037.00,"16,587,600"
8-Jul-15,2.96,3.07,2.94,2.98,71222.00,"16,429,100"
7-Jul-15,3.09,3.12,2.96,2.97,77829.00,"17,104,500"
6-Jul-15,3.1,3.21,3.07,3.09,91597.00,"17,158,400"
5-Jul-15,3.09,3.17,3.05,3.09,98324.00,"17,100,200"
4-Jul-15,2.96,3.11,2.93,3.09,134776.00,"16,384,400"
3-Jul-15,2.92,2.99,2.87,2.96,65144.00,"16,115,200"
2-Jul-15,2.8,2.92,2.79,2.91,58716.00,"15,478,600"
1-Jul-15,2.86,2.9,2.78,2.82,49329.00,"15,776,100"
30-Jun-15,2.79,2.93,2.77,2.86,105757.00,"15,375,000"
29-Jun-15,2.73,2.79,2.71,2.79,65253.00,"15,060,700"
28-Jun-15,2.79,2.81,2.68,2.73,80605.00,"15,352,200"
27-Jun-15,2.82,2.87,2.78,2.79,117087.00,"15,502,700"
26-Jun-15,2.83,2.87,2.81,2.82,67021.00,"15,575,000"
25-Jun-15,2.81,2.84,2.8,2.83,82226.00,"15,439,500"
24-Jun-15,2.85,2.88,2.81,2.81,66207.00,"15,662,200"
23-Jun-15,2.89,2.89,2.84,2.85,32546.00,"15,836,600"
22-Jun-15,2.84,2.9,2.84,2.89,60758.00,"15,582,200"
21-Jun-15,2.87,2.88,2.82,2.84,42407.00,"15,747,200"
20-Jun-15,2.9,2.9,2.82,2.87,49018.00,"15,882,700"
19-Jun-15,2.96,2.98,2.88,2.9,76937.00,"16,207,100"
18-Jun-15,3.01,3.02,2.91,2.96,80459.00,"16,455,700"
17-Jun-15,2.99,3.15,2.91,3,127588.00,"16,341,300"
16-Jun-15,2.74,2.99,2.73,2.99,109178.00,"14,980,300"
15-Jun-15,2.81,2.85,2.72,2.74,102014.00,"15,333,500"
14-Jun-15,2.8,2.83,2.75,2.81,87100.00,"15,289,300"
13-Jun-15,2.8,2.85,2.77,2.8,68398.00,"15,249,900"
12-Jun-15,2.78,2.9,2.74,2.8,107756.00,"15,141,500"
11-Jun-15,2.7,2.78,2.68,2.78,67222.00,"14,719,100"
10-Jun-15,2.76,2.77,2.65,2.7,93836.00,"15,043,400"
9-Jun-15,2.83,2.85,2.76,2.77,83639.00,"15,384,300"
8-Jun-15,2.8,2.88,2.8,2.83,78536.00,"15,247,700"
7-Jun-15,2.82,2.85,2.79,2.81,55832.00,"15,308,900"
6-Jun-15,2.82,2.86,2.79,2.82,36093.00,"15,291,500"
5-Jun-15,2.8,2.84,2.72,2.82,43312.00,"15,175,700"
4-Jun-15,2.76,2.83,2.72,2.8,40277.00,"14,968,000"
3-Jun-15,2.8,2.87,2.73,2.75,76345.00,"15,173,000"
2-Jun-15,2.66,2.82,2.64,2.8,68367.00,"14,392,700"
1-Jun-15,2.76,2.78,2.64,2.65,75761.00,"14,952,300"
31-May-15,2.71,2.84,2.7,2.76,57640.00,"14,662,100"
30-May-15,2.82,2.84,2.69,2.71,36938.00,"15,258,300"
29-May-15,2.74,2.85,2.72,2.82,48749.00,"14,798,400"
28-May-15,2.63,2.83,2.61,2.74,69233.00,"14,196,000"
27-May-15,2.67,2.71,2.59,2.63,59342.00,"14,426,200"
26-May-15,2.82,2.9,2.6,2.67,133789.00,"15,224,800"
25-May-15,2.9,2.91,2.8,2.82,55790.00,"15,640,500"
24-May-15,2.87,2.93,2.87,2.9,49767.00,"15,487,700"
23-May-15,2.91,2.92,2.87,2.87,90345.00,"15,707,300"
22-May-15,2.84,2.95,2.81,2.91,108165.00,"15,278,400"
21-May-15,2.88,2.91,2.84,2.84,37087.00,"15,524,500"
20-May-15,2.89,2.9,2.78,2.88,48146.00,"15,532,900"
19-May-15,2.86,2.9,2.79,2.89,34282.00,"15,394,100"
18-May-15,2.93,2.95,2.83,2.86,42345.00,"15,751,100"
17-May-15,3,3.03,2.91,2.93,52827.00,"16,116,000"
16-May-15,2.88,3.06,2.85,3,74901.00,"15,440,600"
15-May-15,2.84,2.94,2.84,2.87,75968.00,"15,253,400"
14-May-15,2.69,2.87,2.66,2.84,81538.00,"14,440,000"
13-May-15,2.72,2.77,2.67,2.69,36403.00,"14,577,900"
12-May-15,2.77,2.78,2.7,2.71,44614.00,"14,839,400"
11-May-15,2.68,2.81,2.64,2.76,73027.00,"14,364,200"
10-May-15,2.76,2.76,2.66,2.68,57877.00,"14,758,300"
9-May-15,2.77,2.79,2.71,2.76,35280.00,"14,836,700"
8-May-15,2.81,2.84,2.73,2.76,51411.00,"15,037,500"
7-May-15,2.82,2.85,2.74,2.81,60248.00,"15,056,800"
6-May-15,2.85,2.98,2.81,2.82,48370.00,"15,229,100"
5-May-15,2.88,2.9,2.78,2.85,26546.00,"15,365,200"
4-May-15,2.71,3.02,2.66,2.88,104785.00,"14,479,000"
3-May-15,2.75,2.83,2.69,2.7,63544.00,"14,652,000"
2-May-15,2.74,2.85,2.73,2.75,46992.00,"14,605,900"
1-May-15,2.97,3.01,2.69,2.74,149552.00,"15,845,500"
30-Apr-15,2.97,3.02,2.89,2.97,84241.00,"15,814,200"
29-Apr-15,3.02,3.05,2.89,2.97,30506.00,"16,075,700"
28-Apr-15,2.99,3.06,2.91,3.04,68693.00,"15,929,400"
27-Apr-15,3.05,3.16,2.92,2.99,88755.00,"16,204,900"
26-Apr-15,3.1,3.1,2.93,3.05,95532.00,"16,447,900"
25-Apr-15,3.19,3.29,3.07,3.1,56721.00,"16,941,600"
24-Apr-15,3.63,3.63,3.06,3.18,184435.00,"19,273,000"
23-Apr-15,3.25,3.74,3.1,3.63,275604.00,"17,232,600"
22-Apr-15,2.89,3.35,2.87,3.25,191228.00,"15,328,200"
21-Apr-15,2.65,2.91,2.62,2.89,80103.00,"14,033,800"
20-Apr-15,2.8,2.83,2.65,2.65,112126.00,"14,803,700"
19-Apr-15,2.93,2.93,2.78,2.8,57969.00,"15,488,700"
18-Apr-15,2.83,2.93,2.8,2.93,45925.00,"14,999,500"
17-Apr-15,3.01,3.03,2.78,2.83,118954.00,"15,927,600"
16-Apr-15,3.02,3.1,2.98,3.01,83054.00,"15,979,400"
15-Apr-15,3.1,3.12,2.98,3.02,82324.00,"16,367,500"
14-Apr-15,3.19,3.21,3.06,3.1,68149.00,"16,840,800"
13-Apr-15,3.31,3.32,3.15,3.21,93897.00,"17,454,100"
12-Apr-15,3.34,3.41,3.26,3.3,46830.00,"17,591,400"
11-Apr-15,3.24,3.43,3.24,3.33,87373.00,"17,055,300"
10-Apr-15,3.42,3.45,3.09,3.23,185593.00,"18,016,800"
9-Apr-15,3.68,3.87,3.38,3.42,172424.00,"19,400,600"
8-Apr-15,3.77,3.86,3.55,3.68,144498.00,"19,854,100"
7-Apr-15,4.09,4.12,3.72,3.78,205259.00,"21,522,900"
6-Apr-15,4.17,4.23,4.03,4.09,115405.00,"21,906,600"
5-Apr-15,4.12,4.21,3.95,4.17,136532.00,"21,661,800"
4-Apr-15,4.36,4.37,3.95,4.13,185199.00,"22,879,800"
3-Apr-15,4.52,4.56,4.28,4.36,138373.00,"23,736,400"
2-Apr-15,3.82,4.6,3.82,4.54,271324.00,"20,066,500"
1-Apr-15,4.02,4.02,3.7,3.83,242957.00,"21,088,600"
31-Mar-15,4.34,4.35,3.96,4.02,163313.00,"22,752,100"
30-Mar-15,4.6,4.61,4.03,4.34,447970.00,"24,108,800"
29-Mar-15,5.03,5.04,4.54,4.6,216958.00,"26,317,500"
28-Mar-15,4.75,5.05,4.71,5.04,206446.00,"24,851,500"
27-Mar-15,4.99,5.1,4.66,4.76,218735.00,"26,088,700"
26-Mar-15,5.28,5.56,4.77,4.99,480884.00,"27,621,600"
25-Mar-15,5.08,6.07,5.04,5.28,902236.00,"26,565,000"
24-Mar-15,4.98,5.25,4.73,5.07,540346.00,"26,014,200"
23-Mar-15,4.61,5.07,4.49,4.98,354223.00,"24,081,000"
22-Mar-15,4.64,4.83,4.32,4.61,342711.00,"24,218,700"
21-Mar-15,3.69,7.11,3.66,4.63,819105.00,"19,240,700"
20-Mar-15,3.35,3.83,3.34,3.7,290947.00,"17,437,500"
19-Mar-15,3.11,3.5,3.06,3.37,162473.00,"16,210,100"
18-Mar-15,3.27,3.4,3.06,3.09,149599.00,"17,046,400"
17-Mar-15,3.31,3.36,3.18,3.27,82356.00,"17,203,000"
16-Mar-15,3.13,3.34,2.97,3.3,209706.00,"16,265,900"
15-Mar-15,2.92,3.14,2.91,3.12,57656.00,"15,203,700"
14-Mar-15,2.9,3.12,2.84,2.93,140162.00,"15,051,800"
13-Mar-15,3.08,3.09,2.86,2.91,240126.00,"15,981,700"
12-Mar-15,3.13,3.22,3.06,3.07,108024.00,"16,240,900"
11-Mar-15,3.05,3.3,3.05,3.13,169890.00,"15,804,600"
10-Mar-15,3.54,3.54,2.92,3.03,399669.00,"18,354,800"
9-Mar-15,3.39,3.65,3.37,3.54,62809.00,"17,573,400"
8-Mar-15,3.43,3.45,3.35,3.39,32276.00,"17,790,600"
7-Mar-15,3.34,3.69,3.32,3.43,45834.00,"17,279,300"
6-Mar-15,3.41,3.47,3.29,3.33,73672.00,"17,673,800"
5-Mar-15,3.5,3.52,3.27,3.41,146630.00,"18,128,000"
4-Mar-15,3.45,3.77,3.4,3.5,193537.00,"17,845,300"
3-Mar-15,3.63,3.7,3.35,3.47,254781.00,"18,783,500"
2-Mar-15,3.33,3.68,3.27,3.62,154771.00,"17,189,200"
1-Mar-15,3.24,3.4,3.15,3.33,89917.00,"16,746,200"
28-Feb-15,3.03,3.24,2.95,3.24,110988.00,"15,644,700"
27-Feb-15,2.73,3.12,2.73,3.04,118275.00,"14,100,600"
26-Feb-15,2.77,2.8,2.67,2.73,74935.00,"14,294,000"
25-Feb-15,2.94,2.96,2.65,2.77,134546.00,"15,133,300"
24-Feb-15,2.53,2.98,2.46,2.94,170477.00,"13,013,100"
23-Feb-15,2.55,2.56,2.44,2.52,80898.00,"13,148,500"
22-Feb-15,2.78,2.86,2.47,2.53,75804.00,"14,299,700"
21-Feb-15,2.74,2.82,2.64,2.78,110159.00,"14,076,800"
20-Feb-15,2.83,2.83,2.66,2.74,61415.00,"14,519,800"
19-Feb-15,2.8,2.86,2.68,2.83,84624.00,"14,398,200"
18-Feb-15,2.64,2.85,2.51,2.84,98988.00,"13,550,000"
17-Feb-15,2.76,2.79,2.63,2.63,103557.00,"14,143,700"
16-Feb-15,2.77,2.9,2.69,2.75,76067.00,"14,226,400"
15-Feb-15,2.89,2.89,2.56,2.76,212369.00,"14,819,700"
14-Feb-15,2.92,3.14,2.75,2.88,208369.00,"14,945,200"
13-Feb-15,2.82,3.29,2.78,2.92,228439.00,"14,443,300"
12-Feb-15,3.2,3.4,2.67,2.81,549894.00,"16,383,400"
11-Feb-15,2.48,3.43,2.46,3.23,774898.00,"12,679,100"
10-Feb-15,2.16,2.49,2.06,2.49,238651.00,"11,049,300"
9-Feb-15,1.84,2.27,1.83,2.17,270445.00,"9,392,880"
8-Feb-15,1.86,1.86,1.8,1.84,44831.00,"9,481,190"
7-Feb-15,1.8,1.87,1.8,1.86,30169.00,"9,163,350"
6-Feb-15,1.77,1.87,1.74,1.79,40361.00,"9,042,210"
5-Feb-15,1.83,1.89,1.73,1.77,49522.00,"9,349,800"
4-Feb-15,1.78,1.86,1.77,1.83,58636.00,"9,079,530"
3-Feb-15,1.93,1.96,1.75,1.79,62006.00,"9,820,270"
2-Feb-15,1.88,1.96,1.78,1.93,154511.00,"9,552,660"
1-Feb-15,1.61,1.93,1.56,1.88,296157.00,"8,174,880"
31-Jan-15,1.64,1.68,1.6,1.61,33035.00,"8,341,480"
30-Jan-15,1.64,1.7,1.61,1.64,53994.00,"8,332,160"
29-Jan-15,1.64,1.68,1.58,1.64,67225.00,"8,338,510"
28-Jan-15,1.82,1.82,1.6,1.65,67481.00,"9,238,150"
27-Jan-15,1.87,1.89,1.68,1.82,73397.00,"9,507,040"
26-Jan-15,1.81,2.09,1.79,1.88,110222.00,"9,158,080"
25-Jan-15,1.74,1.82,1.72,1.81,60453.00,"8,801,230"
24-Jan-15,1.6,1.74,1.58,1.74,51767.00,"8,120,840"
23-Jan-15,1.63,1.64,1.56,1.59,70270.00,"8,246,490"
22-Jan-15,1.6,1.71,1.55,1.63,73737.00,"8,084,380"
21-Jan-15,1.43,1.62,1.42,1.6,108223.00,"7,212,260"
20-Jan-15,1.36,1.43,1.32,1.43,68855.00,"6,855,510"
19-Jan-15,1.31,1.37,1.31,1.37,53757.00,"6,640,150"
18-Jan-15,1.22,1.35,1.19,1.31,43795.00,"6,179,800"
17-Jan-15,1.27,1.29,1.18,1.22,29037.00,"6,428,910"
16-Jan-15,1.29,1.38,1.23,1.28,67351.00,"6,493,510"
15-Jan-15,1.08,1.35,1.08,1.29,31672.00,"5,421,460"
14-Jan-15,1.34,1.35,1.05,1.08,41255.00,"6,754,020"
13-Jan-15,1.66,1.67,1.33,1.35,77956.00,"8,343,790"
12-Jan-15,1.64,1.67,1.62,1.66,46532.00,"8,232,030"
11-Jan-15,1.66,1.69,1.62,1.64,43774.00,"8,331,940"
10-Jan-15,1.73,1.73,1.62,1.66,65124.00,"8,665,460"
9-Jan-15,1.72,1.74,1.69,1.71,45656.00,"8,616,520"
8-Jan-15,1.71,1.74,1.68,1.72,38890.00,"8,594,610"
7-Jan-15,1.72,1.75,1.69,1.72,28206.00,"8,606,930"
6-Jan-15,1.67,1.72,1.63,1.72,31130.00,"8,386,380"
5-Jan-15,1.63,1.69,1.61,1.67,43764.00,"8,171,360"
4-Jan-15,1.72,1.74,1.56,1.63,60683.00,"8,596,550"
3-Jan-15,1.94,1.97,1.72,1.72,62136.00,"9,706,160"
2-Jan-15,1.94,1.95,1.9,1.94,33549.00,"9,710,140"
1-Jan-15,1.97,1.97,1.93,1.94,14957.00,"9,860,760"
31-Dec-14,1.89,1.98,1.88,1.97,52644.00,"9,455,910"
30-Dec-14,1.92,1.95,1.89,1.89,42981.00,"9,570,430"
29-Dec-14,1.95,1.98,1.91,1.91,51742.00,"9,731,420"
28-Dec-14,1.95,1.98,1.92,1.95,32002.00,"9,697,080"
27-Dec-14,2.03,2.03,1.9,1.95,44232.00,"10,096,700"
26-Dec-14,1.82,2.07,1.78,2.03,81565.00,"9,051,380"
25-Dec-14,1.92,1.93,1.78,1.8,67416.00,"9,570,580"
24-Dec-14,1.92,1.99,1.76,1.93,121397.00,"9,532,850"
23-Dec-14,1.9,1.95,1.87,1.92,41369.00,"9,456,910"
22-Dec-14,1.91,2.01,1.86,1.91,98570.00,"9,465,580"
21-Dec-14,1.98,5.78,1.9,1.91,77552.00,"9,816,190"
20-Dec-14,1.88,2.01,1.87,1.98,43232.00,"9,327,450"
19-Dec-14,1.82,1.91,1.78,1.89,47170.00,"9,006,200"
18-Dec-14,1.94,1.94,1.77,1.81,80842.00,"9,596,030"
17-Dec-14,1.98,2.01,1.85,1.94,90504.00,"9,799,650"
16-Dec-14,2.13,2.13,1.97,1.98,71365.00,"10,533,600"
15-Dec-14,2.24,2.24,2.11,2.13,80270.00,"11,055,400"
14-Dec-14,2.23,2.26,2.21,2.24,29243.00,"11,008,700"
13-Dec-14,2.27,2.27,2.22,2.24,26290.00,"11,197,200"
12-Dec-14,2.26,2.28,2.25,2.27,31940.00,"11,154,900"
11-Dec-14,2.23,2.33,2.2,2.29,34058.00,"11,019,200"
10-Dec-14,2.26,2.27,2.22,2.24,39110.00,"11,141,100"
9-Dec-14,2.29,2.3,2.2,2.26,42493.00,"11,274,800"
8-Dec-14,2.38,2.38,2.28,2.3,39250.00,"11,700,300"
7-Dec-14,2.36,2.39,2.33,2.37,64326.00,"11,614,600"
6-Dec-14,2.37,2.39,2.33,2.35,50201.00,"11,636,200"
5-Dec-14,2.33,2.38,2.31,2.37,53824.00,"11,434,000"
4-Dec-14,2.43,2.46,2.32,2.33,72131.00,"11,960,500"
3-Dec-14,2.43,2.44,2.36,2.43,78398.00,"11,919,100"
2-Dec-14,2.36,2.45,2.33,2.43,93651.00,"11,572,600"
1-Dec-14,2.38,2.41,2.35,2.37,46362.00,"11,682,300"
30-Nov-14,2.4,2.43,2.34,2.39,43116.00,"11,762,700"
29-Nov-14,2.38,2.44,2.35,2.37,57108.00,"11,650,000"
28-Nov-14,2.33,2.41,2.28,2.38,46759.00,"11,398,800"
27-Nov-14,2.39,2.4,2.29,2.32,85433.00,"11,715,200"
26-Nov-14,2.37,2.44,2.33,2.36,98080.00,"11,580,000"
25-Nov-14,2.31,2.42,2.28,2.37,59745.00,"11,270,300"
24-Nov-14,2.3,2.39,2.27,2.32,59481.00,"11,219,600"
23-Nov-14,2.26,2.33,2.24,2.31,52642.00,"11,007,000"
22-Nov-14,2.22,2.3,2.2,2.26,56526.00,"10,836,200"
21-Nov-14,2.26,2.27,2.2,2.22,52991.00,"11,033,900"
20-Nov-14,2.37,2.37,2.25,2.26,111780.00,"11,543,700"
19-Nov-14,2.37,2.44,2.34,2.38,87226.00,"11,515,900"
18-Nov-14,2.33,2.45,2.3,2.36,217493.00,"11,318,600"
17-Nov-14,2.73,2.78,2.29,2.33,225043.00,"13,283,300"
16-Nov-14,2.48,2.77,2.48,2.74,135202.00,"12,072,000"
15-Nov-14,2.42,2.5,2.29,2.49,83032.00,"11,770,700"
14-Nov-14,2.56,2.56,2.29,2.41,106611.00,"12,427,100"
13-Nov-14,2.66,2.77,2.47,2.58,108337.00,"12,889,400"
12-Nov-14,2.43,2.85,2.43,2.64,229563.00,"11,786,600"
11-Nov-14,2.54,2.65,2.38,2.43,193795.00,"12,292,600"
10-Nov-14,2.98,3,2.52,2.53,311577.00,"14,455,600"
9-Nov-14,2.73,3.01,2.68,2.99,375396.00,"13,233,100"
8-Nov-14,2.13,2.76,2.12,2.73,310275.00,"10,305,200"
7-Nov-14,1.99,2.5,1.99,2.13,383517.00,"9,635,590"
6-Nov-14,1.75,1.99,1.74,1.99,82374.00,"8,460,600"
5-Nov-14,1.65,1.78,1.65,1.75,61099.00,"7,955,980"
4-Nov-14,1.62,1.71,1.57,1.65,67425.00,"7,836,300"
3-Nov-14,1.66,1.73,1.63,1.63,38374.00,"7,996,890"
2-Nov-14,1.67,1.75,1.65,1.66,41301.00,"8,040,050"
1-Nov-14,1.79,1.82,1.62,1.67,32686.00,"8,623,210"
31-Oct-14,1.78,1.82,1.73,1.79,53915.00,"8,565,990"
30-Oct-14,1.61,1.8,1.61,1.79,90240.00,"7,731,250"
29-Oct-14,1.89,1.91,1.6,1.61,135790.00,"9,097,940"
28-Oct-14,1.92,1.95,1.88,1.9,33227.00,"9,221,770"
27-Oct-14,1.93,1.96,1.9,1.91,31037.00,"9,228,950"
26-Oct-14,1.92,2.01,1.9,1.93,40296.00,"9,181,280"
25-Oct-14,2.03,2.05,1.92,1.92,40232.00,"9,697,730"
24-Oct-14,2.1,2.11,2,2.04,61719.00,"10,052,600"
23-Oct-14,2.07,2.12,2.03,2.11,50299.00,"9,884,060"
22-Oct-14,2.07,2.19,2.04,2.07,100270.00,"9,888,470"
21-Oct-14,2.1,2.19,2.06,2.08,70427.00,"10,034,800"
20-Oct-14,2.26,2.28,2.08,2.11,111213.00,"10,792,100"
19-Oct-14,2.29,2.32,2.24,2.27,41570.00,"10,921,900"
18-Oct-14,2.28,2.36,2.21,2.29,40729.00,"10,828,300"
17-Oct-14,2.18,2.48,2.14,2.27,82247.00,"10,347,500"
16-Oct-14,2.07,2.3,2.07,2.18,104953.00,"9,846,070"
15-Oct-14,2.07,2.24,2,2.07,87647.00,"9,824,590"
14-Oct-14,2.57,2.57,2.04,2.06,218533.00,"12,198,800"
13-Oct-14,2.13,2.62,2.04,2.57,136242.00,"10,100,600"
12-Oct-14,2.16,2.18,2.04,2.14,90788.00,"10,251,400"
11-Oct-14,2.24,2.28,2.04,2.17,103367.00,"10,585,800"
10-Oct-14,2.39,2.47,2.23,2.24,63434.00,"11,325,100"
9-Oct-14,2.33,2.46,2.26,2.4,107387.00,"11,026,600"
8-Oct-14,2.12,2.36,2.09,2.34,61348.00,"10,013,700"
7-Oct-14,2.25,2.34,2.05,2.13,149260.00,"10,621,100"
6-Oct-14,2.25,2.42,2.14,2.25,51204.00,"10,621,800"
5-Oct-14,2.24,2.32,2.07,2.25,54743.00,"10,532,900"
4-Oct-14,2.4,2.5,2.16,2.24,55246.00,"11,314,000"
3-Oct-14,2.44,2.52,2.36,2.4,58977.00,"11,461,000"
2-Oct-14,2.46,2.49,2.41,2.44,45955.00,"11,578,000"
1-Oct-14,2.7,2.88,2.45,2.46,223263.00,"12,700,400"
30-Sep-14,2.86,2.97,2.62,2.7,154649.00,"13,412,300"
29-Sep-14,2.9,3.05,2.82,2.85,75316.00,"13,597,700"
28-Sep-14,2.84,3.04,2.75,2.9,120161.00,"13,315,400"
27-Sep-14,2.88,2.97,2.77,2.84,69607.00,"13,511,200"
26-Sep-14,3,3.05,2.8,2.89,99224.00,"14,055,000"
25-Sep-14,3.34,3.34,2.93,3,102167.00,"15,629,100"
24-Sep-14,3.42,10.31,3.34,3.34,74906.00,"15,981,900"
23-Sep-14,3.36,3.51,3.17,3.4,146543.00,"15,705,000"
22-Sep-14,2.97,3.4,2.97,3.36,138652.00,"13,883,800"
21-Sep-14,3.18,3.27,2.92,2.97,142460.00,"14,832,500"
20-Sep-14,3.43,3.58,3.14,3.18,211501.00,"15,998,300"
19-Sep-14,3.87,3.92,3.37,3.43,353146.00,"18,024,200"
18-Sep-14,3.78,3.95,3.59,3.87,438932.00,"17,592,300"
17-Sep-14,3.33,3.88,3.3,3.75,574556.00,"15,496,100"
16-Sep-14,3.09,3.36,3.04,3.33,130826.00,"14,358,700"
15-Sep-14,2.8,3.37,2.77,3.07,288266.00,"13,008,200"
14-Sep-14,2.88,2.91,2.77,2.8,93526.00,"13,379,600"
13-Sep-14,2.85,2.89,2.77,2.87,85324.00,"13,233,400"
12-Sep-14,2.81,2.85,2.73,2.85,64957.00,"13,041,200"
11-Sep-14,2.82,2.87,2.77,2.8,39876.00,"13,101,500"
10-Sep-14,2.91,2.95,2.82,2.82,61808.00,"13,508,300"
9-Sep-14,2.78,2.93,2.73,2.91,58552.00,"12,872,700"
8-Sep-14,2.9,2.95,2.74,2.78,89576.00,"13,432,500"
7-Sep-14,2.98,3.09,2.9,2.9,70704.00,"13,777,400"
6-Sep-14,2.84,3.21,2.79,2.98,221277.00,"13,110,700"
5-Sep-14,3.09,3.09,2.68,2.84,241196.00,"14,256,300"
4-Sep-14,2.66,3.4,2.6,3.08,393252.00,"12,295,500"
3-Sep-14,2.32,2.78,2.3,2.64,173985.00,"10,716,400"
2-Sep-14,2.27,2.36,2.26,2.32,52918.00,"10,450,100"
1-Sep-14,2.4,2.42,2.27,2.27,73377.00,"11,072,200"
31-Aug-14,2.44,2.47,2.22,2.41,112735.00,"11,238,900"
30-Aug-14,2.55,2.6,2.35,2.43,85691.00,"11,735,400"
29-Aug-14,2.38,2.59,2.36,2.55,148519.00,"10,944,500"
28-Aug-14,2.29,2.55,2.15,2.37,158460.00,"10,516,400"
27-Aug-14,2.72,2.72,2.18,2.29,328963.00,"12,514,400"
26-Aug-14,2.69,2.88,2.57,2.72,157503.00,"12,326,200"
25-Aug-14,3.09,3.09,2.67,2.68,133764.00,"14,164,300"
24-Aug-14,2.99,3.13,2.98,3.09,64140.00,"13,697,900"
23-Aug-14,3.17,3.31,2.98,2.99,132039.00,"14,503,600"
22-Aug-14,3.37,3.42,2.81,3.17,286798.00,"15,430,600"
21-Aug-14,3.8,3.89,3.37,3.38,241925.00,"17,412,100"
20-Aug-14,3.36,3.91,3.18,3.81,722557.00,"15,377,700"
19-Aug-14,1.55,3.32,1.44,3.32,674022.00,"7,077,960"
18-Aug-14,2.36,2.49,1.37,1.54,699964.00,"10,783,300"
17-Aug-14,2.94,3.04,2.2,2.36,370021.00,"13,439,000"
16-Aug-14,3.64,3.64,2.92,2.92,296592.00,"16,619,900"
15-Aug-14,4.09,4.41,3.41,3.64,276892.00,"18,640,900"
14-Aug-14,4.87,4.91,3.87,4.06,197663.00,"22,211,800"
13-Aug-14,5.02,5.09,4.34,4.86,287212.00,"22,864,000"
12-Aug-14,5.07,5.15,4.91,5.02,94300.00,"23,097,300"
11-Aug-14,5.72,5.74,5.05,5.08,223309.00,"26,027,300"
10-Aug-14,5.6,5.86,5.39,5.72,218033.00,"25,451,100"
9-Aug-14,6.03,6.04,5.53,5.59,235890.00,"27,396,600"
8-Aug-14,5.66,6.05,5.65,5.99,269415.00,"25,676,800"
7-Aug-14,5.77,5.84,5.49,5.65,140303.00,"26,184,200"
6-Aug-14,5.39,5.89,5.39,5.77,211361.00,"24,444,200"
5-Aug-14,5.31,5.47,5.2,5.41,107685.00,"24,053,200"
4-Aug-14,5.82,5.82,5.3,5.31,179607.00,"26,380,600"
3-Aug-14,5.7,6.13,5.58,5.8,280722.00,"25,819,300"
2-Aug-14,5.63,6,5.62,5.71,185190.00,"25,475,400"
1-Aug-14,5.55,5.81,5.22,5.64,252698.00,"25,079,000"
31-Jul-14,4.46,5.61,4.39,5.57,387401.00,"20,134,700"
30-Jul-14,4.8,4.94,4.3,4.45,329136.00,"21,674,000"
29-Jul-14,5.19,5.28,4.68,4.79,294949.00,"23,416,800"
28-Jul-14,5.83,5.87,5.17,5.17,405543.00,"26,303,900"
27-Jul-14,5.97,5.97,5.71,5.83,175722.00,"26,902,000"
26-Jul-14,6.08,6.08,5.77,5.97,175004.00,"27,359,100"
25-Jul-14,6.18,6.22,6.02,6.07,234015.00,"27,805,400"
24-Jul-14,6.37,6.49,6.13,6.18,167948.00,"28,622,700"
23-Jul-14,6.4,6.69,6.35,6.37,134307.00,"28,768,400"
22-Jul-14,6.76,6.76,6.26,6.41,183517.00,"30,373,400"
21-Jul-14,7.11,7.15,6.69,6.77,121175.00,"31,914,400"
20-Jul-14,7.06,7.26,6.96,7.11,137239.00,"31,670,100"
19-Jul-14,7.21,7.23,7,7.06,99443.00,"32,320,400"
18-Jul-14,7.42,7.9,6.95,7.21,729493.00,"33,232,100"
17-Jul-14,6.38,7.78,6.25,7.44,699285.00,"28,560,700"
16-Jul-14,6.32,6.5,5.75,6.35,351827.00,"28,261,700"
15-Jul-14,6.18,6.46,5.67,6.3,388889.00,"27,620,600"
14-Jul-14,6.36,6.44,6.04,6.2,255024.00,"28,401,500"
13-Jul-14,6.54,6.65,6.33,6.35,189565.00,"29,207,800"
12-Jul-14,6.57,6.7,6.45,6.54,136625.00,"29,318,500"
11-Jul-14,6.77,6.98,6.48,6.52,354126.00,"30,178,400"
10-Jul-14,7.11,7.15,6.36,6.79,299842.00,"31,652,000"
9-Jul-14,7.17,7.41,7.09,7.1,255938.00,"31,920,700"
8-Jul-14,6.98,7.64,6.82,7.17,578868.00,"31,048,700"
7-Jul-14,6.67,6.87,6.16,6.53,237262.00,"29,664,700"
6-Jul-14,7.13,7.33,6.02,6.66,349136.00,"31,701,100"
5-Jul-14,7.5,7.54,6.48,7.12,414546.00,"33,295,300"
4-Jul-14,7.77,8.05,7.56,7.56,250875.00,"34,491,300"
3-Jul-14,7,8.37,6.19,7.82,946899.00,"31,051,700"
2-Jul-14,7.97,8.3,6.14,6.99,1070360.00,"35,317,900"
1-Jul-14,8.93,9.13,7.82,7.9,689084.00,"39,564,800"
30-Jun-14,9.19,9.44,8.28,8.93,1216120.00,"40,669,900"
29-Jun-14,9.51,9.73,9.12,9.23,262898.00,"42,086,500"
28-Jun-14,9.84,9.86,9.34,9.53,287441.00,"43,494,000"
27-Jun-14,10.07,10.25,9.84,10.09,362067.00,"44,475,800"
26-Jun-14,8.97,10.63,8.97,10,942175.00,"39,622,400"
25-Jun-14,9.42,9.53,8.99,8.99,243528.00,"41,587,200"
24-Jun-14,9.8,9.9,9.44,9.44,327520.00,"43,214,300"
23-Jun-14,9.45,10.03,9.45,9.8,345384.00,"41,650,300"
22-Jun-14,9.3,9.95,9.27,9.46,287288.00,"40,952,800"
21-Jun-14,10.24,10.24,8.91,9.29,1003310.00,"45,082,300"
20-Jun-14,10.98,12.4,8.92,10.34,4047720.00,"48,306,500"
19-Jun-14,10.22,11.12,10,10.97,589450.00,"44,912,000"
18-Jun-14,10.29,10.52,9.91,10.22,475249.00,"45,190,900"
17-Jun-14,10.12,10.45,10.04,10.21,305768.00,"44,424,600"
16-Jun-14,10.23,10.44,10.09,10.13,427550.00,"44,871,400"
15-Jun-14,10.24,10.35,9.54,10.35,274260.00,"44,895,900"
14-Jun-14,10.68,10.68,9.78,10.24,514834.00,"46,763,800"
13-Jun-14,10.16,10.89,10.16,10.64,426354.00,"44,453,800"
12-Jun-14,10.38,11.35,10.02,10.18,895885.00,"45,377,400"
11-Jun-14,11.65,11.65,10.27,10.27,724358.00,"50,928,300"
10-Jun-14,9.56,11.84,9.42,11.65,1541710.00,"41,793,000"
9-Jun-14,9.5,9.82,8.68,9.54,1311350.00,"41,476,200"
8-Jun-14,10.42,11,8.75,9.5,1585220.00,"45,474,400"
7-Jun-14,11.8,11.8,10.38,10.38,506101.00,"51,452,900"
6-Jun-14,10.61,12.1,10.15,11.77,1613890.00,"46,236,900"
5-Jun-14,12.46,12.62,10.61,10.61,1336970.00,"54,275,500"
4-Jun-14,13.83,13.89,12.03,12.5,1454730.00,"60,216,600"
3-Jun-14,14.52,14.67,12.81,13.9,3096930.00,"63,173,000"
2-Jun-14,12.92,16,12.73,14.48,4918700.00,"56,183,900"
1-Jun-14,11.24,13.75,11.19,12.93,3460750.00,"48,841,800"
31-May-14,11.09,12.5,10.99,11.33,2675190.00,"48,142,000"
30-May-14,9.38,11.97,8.41,11.05,5769570.00,"40,678,700"
29-May-14,7.16,9.94,6.13,9.38,6110000.00,"31,060,800"
28-May-14,10.59,10.68,6.94,7.21,3909160.00,"45,895,300"
27-May-14,11.27,12.07,8.31,10.57,3730600.00,"48,786,600"
26-May-14,15.02,15.18,8.4,11.29,260919.00,"64,986,200"
25-May-14,12.06,15.15,11.85,15.13,3625030.00,"52,126,000"
24-May-14,13.51,13.85,10.63,12.1,3637020.00,"58,371,700"
23-May-14,11.15,15.03,11.06,13.49,7267510.00,"48,114,100"
22-May-14,8,11.23,7.98,11.23,4383980.00,"34,518,300"
21-May-14,6.88,8,6.78,7.99,1414570.00,"29,664,200"
20-May-14,6.93,7.06,6.13,6.88,1290930.00,"29,834,300"
19-May-14,6.48,7.22,6.12,6.94,1655720.00,"27,873,100"
18-May-14,4.71,6.38,4.22,6.38,2041030.00,"20,236,200"
17-May-14,5.92,6.07,4.11,4.74,1637800.00,"25,430,500"
16-May-14,5.84,6.62,4.99,5.92,2408390.00,"25,025,600"
15-May-14,4.01,7.34,4,5.76,3215550.00,"17,183,700"
14-May-14,2.75,4.69,2.72,4.01,1721090.00,"11,779,400"
13-May-14,2.47,2.8,2.43,2.77,415759.00,"10,560,100"
12-May-14,2.56,2.66,2.15,2.47,760914.00,"10,934,800"
11-May-14,2.54,2.82,2.54,2.57,569871.00,"10,825,500"
10-May-14,2.23,2.88,2.04,2.57,854388.00,"9,492,880"
9-May-14,1.65,2.33,1.63,2.23,520876.00,"7,011,350"
8-May-14,1.61,1.74,1.61,1.65,84669.00,"6,841,980"
7-May-14,1.61,1.69,1.56,1.63,100953.00,"6,817,910"
6-May-14,1.68,1.71,1.6,1.61,75746.00,"7,096,260"
5-May-14,1.56,1.84,1.52,1.67,291678.00,"6,598,260"
4-May-14,1.19,1.7,1.16,1.55,275743.00,"5,002,930"
3-May-14,1.35,1.35,1.14,1.2,93670.00,"5,661,610"
2-May-14,1.51,1.54,1.18,1.35,171901.00,"6,343,910"
1-May-14,1.54,1.59,1.47,1.52,232684.00,"6,438,560"
30-Apr-14,1.63,1.66,1.49,1.54,38202.00,"6,827,410"
29-Apr-14,1.67,1.7,1.45,1.64,302458.00,"6,952,590"
28-Apr-14,1.67,1.77,1.62,1.67,198793.00,"6,957,830"
27-Apr-14,1.7,2,1.54,1.71,509028.00,"7,054,200"
26-Apr-14,1.71,2.41,1.39,1.72,1204200.00,"7,094,160"
25-Apr-14,1.06,1.97,1,1.69,794049.00,"4,372,240"
24-Apr-14,0.871977,1.15,0.871977,1.06,329106.00,"3,596,660"
23-Apr-14,0.722732,1.01,0.713825,0.873071,196373.00,"2,973,610"
22-Apr-14,0.707657,0.728795,0.666159,0.722089,72972.00,"2,903,710"
21-Apr-14,0.722222,0.745336,0.673071,0.708118,29266.00,"2,955,240"
20-Apr-14,0.747391,0.754119,0.689135,0.722926,30229.00,"3,050,050"
19-Apr-14,0.794215,0.794215,0.701508,0.736829,57416.00,"3,232,440"
18-Apr-14,0.618219,1.03,0.612899,0.789777,293384.00,"2,509,430"
17-Apr-14,0.657735,0.669649,0.610727,0.615856,19435.00,"2,662,660"
16-Apr-14,0.655849,0.687299,0.631659,0.655656,23860.00,"2,647,720"
15-Apr-14,0.587995,0.653352,0.576325,0.647564,28751.00,"2,367,280"
14-Apr-14,0.538982,0.6012,0.521968,0.583917,29214.00,"2,164,120"
13-Apr-14,0.572342,0.576653,0.520363,0.539027,15789.00,"2,291,840"
12-Apr-14,0.548831,0.591372,0.535384,0.571875,18959.00,"2,191,980"
11-Apr-14,0.453743,0.576868,0.441314,0.548907,18946.00,"1,807,350"
10-Apr-14,0.587616,0.591656,0.44896,0.457036,16417.00,"2,334,430"
9-Apr-14,0.603431,0.61673,0.583104,0.587437,9604.00,"2,390,830"
8-Apr-14,0.606079,0.628222,0.580698,0.603018,21411.00,"2,395,150"
7-Apr-14,0.6478,0.64933,0.590722,0.6041,45233.00,"2,552,670"
6-Apr-14,0.700828,0.723713,0.630182,0.641513,13167.00,"2,754,220"
5-Apr-14,0.640305,0.703904,0.620445,0.700444,28674.00,"2,509,580"
4-Apr-14,0.640371,0.662537,0.62528,0.648937,11863.00,"2,502,840"
3-Apr-14,0.614065,0.666765,0.573639,0.638183,18610.00,"2,393,680"
2-Apr-14,0.725259,0.740497,0.589991,0.615044,21722.00,"2,819,600"
1-Apr-14,0.641783,0.747204,0.638385,0.724105,36211.00,"2,488,370"
31-Mar-14,0.665123,0.68689,0.624873,0.641774,15608.00,"2,571,600"
30-Mar-14,0.708306,0.710038,0.612809,0.662486,30985.00,"2,731,140"
29-Mar-14,0.709294,0.728762,0.702573,0.703475,23667.00,"2,727,370"
28-Mar-14,0.692062,0.774768,0.683257,0.697426,27851.00,"2,653,470"
27-Mar-14,0.864728,0.865513,0.6835,0.6835,32991.00,"3,305,920"
26-Mar-14,0.819494,0.870226,0.79043,0.858815,39790.00,"3,124,140"
25-Mar-14,0.868912,0.900979,0.795766,0.8201,78095.00,"3,302,840"
24-Mar-14,0.719851,0.892484,0.700397,0.866518,136677.00,"2,727,950"
23-Mar-14,0.715596,0.728952,0.693478,0.718257,34977.00,"2,703,390"
22-Mar-14,0.704266,0.718955,0.681694,0.71468,24618.00,"2,652,100"
21-Mar-14,0.724498,0.751899,0.679063,0.704648,28087.00,"2,719,600"
20-Mar-14,0.743256,0.755714,0.701852,0.725089,42290.00,"2,781,320"
19-Mar-14,0.750897,0.768236,0.728004,0.743559,35742.00,"2,800,990"
18-Mar-14,0.77927,0.780172,0.730293,0.75221,39252.00,"2,897,450"
17-Mar-14,0.772496,0.821393,0.749368,0.781925,34416.00,"2,863,030"
16-Mar-14,0.791673,0.800764,0.755205,0.775647,39429.00,"2,924,440"
15-Mar-14,0.812077,0.816057,0.739031,0.7912,30817.00,"2,979,000"
14-Mar-14,0.83338,0.84608,0.78516,0.811341,26274.00,"3,057,150"
13-Mar-14,0.865569,0.895094,0.810772,0.833336,31123.00,"3,166,030"
12-Mar-14,0.888208,0.953882,0.858214,0.865936,39530.00,"3,238,290"
11-Mar-14,0.807598,0.922435,0.764712,0.8913,42234.00,"2,934,810"
10-Mar-14,0.872114,0.91216,0.745242,0.810256,45946.00,"3,159,030"
9-Mar-14,0.913189,0.958778,0.806353,0.872964,48781.00,"3,296,790"
8-Mar-14,0.911867,0.953494,0.85686,0.914905,70281.00,"3,285,680"
7-Mar-14,1.06,1.1,0.877912,0.877912,112877.00,"3,787,000"
6-Mar-14,1.03,1.05,0.952003,1.05,68896.00,"3,692,890"
5-Mar-14,0.987192,1.07,0.941151,1.03,93138.00,"3,515,760"
4-Mar-14,1.21,1.21,0.970883,0.987557,90550.00,"4,283,970"
3-Mar-14,1.03,4.4,0.935749,1.21,271197.00,"3,651,050"
2-Mar-14,0.936036,1.08,0.815903,1.03,148259.00,"3,298,980"
1-Mar-14,0.549616,1.07,0.528973,0.937342,252311.00,"1,929,800"
28-Feb-14,0.618662,0.625539,0.458697,0.550661,60517.00,"2,163,860"
27-Feb-14,0.616643,0.742251,0.549852,0.61939,15148.00,"2,148,350"
26-Feb-14,0.620399,0.739818,0.494515,0.619451,49321.00,"2,153,440"
25-Feb-14,0.839383,0.839383,0.527474,0.527474,69493.00,"2,902,860"
24-Feb-14,1.18,1.19,0.418532,0.841903,109256.00,"4,082,000"
23-Feb-14,1.15,3.36,0.623443,1.15,115234.00,"3,945,250"
22-Feb-14,1.12,1.26,0.696502,1.24,101024.00,"3,833,460"
21-Feb-14,1.05,1.33,1.02,1.13,83008.00,"3,590,320"
20-Feb-14,0.941944,1.23,0.894865,1.06,93281.00,"3,196,180"
19-Feb-14,1.04,1.21,0.851995,0.941647,60551.00,"3,497,850"
18-Feb-14,1.18,1.5,0.841751,1.04,160779.00,"3,960,320"
17-Feb-14,0.406039,1.5,0.402588,1.45,178618.00,"1,360,260"
16-Feb-14,0.32584,0.459833,0.310345,0.406976,28017.00,"1,085,280"
15-Feb-14,0.331111,0.354461,0.219434,0.314865,21119.00,"1,092,120"
14-Feb-14,0.213899,0.378883,0.213899,0.374024,15422.00,"702,537"
